timestamp,sensor_id,sensor_type,value,unit,location
2025-10-05T12:57:41.893587+05:30,gas_001,gas_sensor,normal_gas,state,field_1
2025-10-05T12:57:41.904236+05:30,temp_001,soil_temp_sensor,28.19,celsius,field_1
2025-10-05T12:57:41.926176+05:30,moist_001,moisture_sensor,0.0,percent,field_1
2025-10-05T12:57:41.938116+05:30,ph_001,ph_sensor,9.17,pH,field_1
2025-10-05T12:57:41.976027+05:30,light_001,light_sensor,light,state,field_1
2025-10-05T12:57:41.982005+05:30,temp_002,air_temp_sensor,27.4,celsius,field_1
2025-10-05T12:57:41.982163+05:30,moist_002,air_hum_sensor,64.5,percent,field_1
2025-10-05T12:58:27.936105+05:30,gas_001,gas_sensor,normal_gas,state,field_1
2025-10-05T12:58:27.939716+05:30,temp_001,soil_temp_sensor,28.19,celsius,field_1
2025-10-05T12:58:27.943602+05:30,moist_001,moisture_sensor,0.0,percent,field_1
2025-10-05T12:58:27.953208+05:30,ph_001,ph_sensor,9.14,pH,field_1
2025-10-05T12:58:27.964650+05:30,light_001,light_sensor,light,state,field_1
2025-10-05T12:58:27.976277+05:30,temp_002,air_temp_sensor,27.3,celsius,field_1
2025-10-05T12:58:27.987772+05:30,moist_002,air_hum_sensor,64.9,percent,field_1
2025-10-05T12:58:50.915781+05:30,gas_001,gas_sensor,normal_gas,state,field_1
2025-10-05T12:58:50.939006+05:30,temp_001,soil_temp_sensor,28.19,celsius,field_1
2025-10-05T12:58:50.955196+05:30,moist_001,moisture_sensor,0.0,percent,field_1
2025-10-05T12:58:50.959526+05:30,ph_001,ph_sensor,9.21,pH,field_1
2025-10-05T12:58:51.037662+05:30,light_001,light_sensor,light,state,field_1
2025-10-05T12:58:51.057008+05:30,temp_002,air_temp_sensor,27.3,celsius,field_1
2025-10-05T12:58:51.057228+05:30,moist_002,air_hum_sensor,65.2,percent,field_1
2025-10-05T12:59:37.027634+05:30,gas_001,gas_sensor,normal_gas,state,field_1
2025-10-05T12:59:37.041211+05:30,temp_001,soil_temp_sensor,28.12,celsius,field_1
2025-10-05T12:59:37.060296+05:30,moist_001,moisture_sensor,0.0,percent,field_1
2025-10-05T12:59:37.074046+05:30,ph_001,ph_sensor,9.16,pH,field_1
2025-10-05T12:59:37.089425+05:30,light_001,light_sensor,light,state,field_1
2025-10-05T12:59:37.103632+05:30,temp_002,air_temp_sensor,27.3,celsius,field_1
2025-10-05T12:59:37.118758+05:30,moist_002,air_hum_sensor,65.3,percent,field_1
2025-10-05T13:00:00.023031+05:30,gas_001,gas_sensor,normal_gas,state,field_1
2025-10-05T13:00:00.033996+05:30,temp_001,soil_temp_sensor,28.12,celsius,field_1
2025-10-05T13:00:00.055669+05:30,moist_001,moisture_sensor,0.0,percent,field_1
2025-10-05T13:00:00.082184+05:30,ph_001,ph_sensor,9.12,pH,field_1
2025-10-05T13:00:00.096068+05:30,light_001,light_sensor,light,state,field_1
2025-10-05T13:00:00.099883+05:30,temp_002,air_temp_sensor,27.3,celsius,field_1
2025-10-05T13:00:00.103830+05:30,moist_002,air_hum_sensor,65.0,percent,field_1
2025-10-05T13:00:46.040170+05:30,gas_001,gas_sensor,normal_gas,state,field_1
2025-10-05T13:00:46.051149+05:30,temp_001,soil_temp_sensor,28.12,celsius,field_1
2025-10-05T13:00:46.072695+05:30,moist_001,moisture_sensor,0.0,percent,field_1
2025-10-05T13:00:46.084305+05:30,ph_001,ph_sensor,9.15,pH,field_1
2025-10-05T13:00:46.140510+05:30,light_001,light_sensor,light,state,field_1
2025-10-05T13:00:46.144176+05:30,temp_002,air_temp_sensor,27.3,celsius,field_1
2025-10-05T13:00:46.144344+05:30,moist_002,air_hum_sensor,64.4,percent,field_1
2025-10-05T13:01:09.045963+05:30,gas_001,gas_sensor,normal_gas,state,field_1
2025-10-05T13:01:09.057207+05:30,temp_001,soil_temp_sensor,28.12,celsius,field_1
2025-10-05T13:01:09.100427+05:30,moist_001,moisture_sensor,0.0,percent,field_1
2025-10-05T13:01:09.111960+05:30,ph_001,ph_sensor,9.16,pH,field_1
2025-10-05T13:01:09.112282+05:30,light_001,light_sensor,light,state,field_1
2025-10-05T13:01:09.117028+05:30,temp_002,air_temp_sensor,27.3,celsius,field_1
2025-10-05T13:01:09.124173+05:30,moist_002,air_hum_sensor,64.4,percent,field_1
2025-10-05T13:01:55.383734+05:30,gas_001,gas_sensor,normal_gas,state,field_1
2025-10-05T13:01:55.391640+05:30,temp_001,soil_temp_sensor,28.06,celsius,field_1
2025-10-05T13:01:55.413456+05:30,moist_001,moisture_sensor,0.0,percent,field_1
2025-10-05T13:01:55.435735+05:30,ph_001,ph_sensor,9.15,pH,field_1
2025-10-05T13:01:55.439620+05:30,light_001,light_sensor,light,state,field_1
2025-10-05T13:01:55.453703+05:30,temp_002,air_temp_sensor,27.3,celsius,field_1
2025-10-05T13:01:55.459683+05:30,moist_002,air_hum_sensor,64.5,percent,field_1
2025-10-05T13:02:18.392388+05:30,gas_001,gas_sensor,normal_gas,state,field_1
2025-10-05T13:02:18.442557+05:30,temp_001,soil_temp_sensor,28.06,celsius,field_1
2025-10-05T13:02:18.447028+05:30,moist_001,moisture_sensor,0.0,percent,field_1
2025-10-05T13:02:18.447159+05:30,ph_001,ph_sensor,9.18,pH,field_1
2025-10-05T13:02:18.447307+05:30,light_001,light_sensor,light,state,field_1
2025-10-05T13:02:18.453581+05:30,temp_002,air_temp_sensor,27.3,celsius,field_1
2025-10-05T13:02:18.464705+05:30,moist_002,air_hum_sensor,64.6,percent,field_1
2025-10-05T13:03:04.809008+05:30,gas_001,gas_sensor,normal_gas,state,field_1
2025-10-05T13:03:04.823382+05:30,temp_001,soil_temp_sensor,28.06,celsius,field_1
2025-10-05T13:03:04.839531+05:30,moist_001,moisture_sensor,0.0,percent,field_1
2025-10-05T13:03:04.852478+05:30,ph_001,ph_sensor,9.15,pH,field_1
2025-10-05T13:03:04.865080+05:30,light_001,light_sensor,light,state,field_1
2025-10-05T13:03:04.873852+05:30,temp_002,air_temp_sensor,27.3,celsius,field_1
2025-10-05T13:03:04.885491+05:30,moist_002,air_hum_sensor,64.7,percent,field_1
2025-10-05T13:03:27.813806+05:30,gas_001,gas_sensor,normal_gas,state,field_1
2025-10-05T13:03:28.229579+05:30,temp_001,soil_temp_sensor,28.0,celsius,field_1
2025-10-05T13:03:28.229907+05:30,moist_001,moisture_sensor,0.0,percent,field_1
2025-10-05T13:03:28.230056+05:30,ph_001,ph_sensor,9.14,pH,field_1
2025-10-05T13:03:28.230207+05:30,light_001,light_sensor,light,state,field_1
2025-10-05T13:03:28.230337+05:30,temp_002,air_temp_sensor,27.3,celsius,field_1
2025-10-05T13:03:28.230453+05:30,moist_002,air_hum_sensor,64.7,percent,field_1
2025-10-05T13:04:13.872471+05:30,gas_001,gas_sensor,normal_gas,state,field_1
2025-10-05T13:04:13.877014+05:30,temp_001,soil_temp_sensor,28.0,celsius,field_1
2025-10-05T13:04:13.877307+05:30,moist_001,moisture_sensor,0.0,percent,field_1
2025-10-05T13:04:13.877452+05:30,ph_001,ph_sensor,9.12,pH,field_1
2025-10-05T13:04:13.887843+05:30,light_001,light_sensor,light,state,field_1
2025-10-05T13:04:13.899346+05:30,temp_002,air_temp_sensor,27.3,celsius,field_1
2025-10-05T13:04:13.910874+05:30,moist_002,air_hum_sensor,64.8,percent,field_1
2025-10-05T13:04:36.839045+05:30,gas_001,gas_sensor,normal_gas,state,field_1
2025-10-05T13:04:36.849954+05:30,temp_001,soil_temp_sensor,28.06,celsius,field_1
2025-10-05T13:04:36.871630+05:30,moist_001,moisture_sensor,0.0,percent,field_1
2025-10-05T13:04:36.883120+05:30,ph_001,ph_sensor,9.14,pH,field_1
2025-10-05T13:04:36.895822+05:30,light_001,light_sensor,light,state,field_1
2025-10-05T13:04:36.905903+05:30,temp_002,air_temp_sensor,27.3,celsius,field_1
2025-10-05T13:04:36.924638+05:30,moist_002,air_hum_sensor,64.8,percent,field_1
2025-10-05T13:04:49.918389+05:30,gas_001,gas_sensor,normal_gas,state,field_1
2025-10-05T13:04:49.922608+05:30,temp_001,soil_temp_sensor,28.06,celsius,field_1
2025-10-05T13:04:49.922925+05:30,moist_001,moisture_sensor,0.0,percent,field_1
2025-10-05T13:04:49.926024+05:30,ph_001,ph_sensor,9.14,pH,field_1
2025-10-05T13:04:49.934616+05:30,light_001,light_sensor,light,state,field_1
2025-10-05T13:04:49.946442+05:30,temp_002,air_temp_sensor,27.3,celsius,field_1
2025-10-05T13:04:49.974769+05:30,moist_002,air_hum_sensor,64.9,percent,field_1
2025-10-05T13:05:12.887688+05:30,gas_001,gas_sensor,normal_gas,state,field_1
2025-10-05T13:05:12.901565+05:30,temp_001,soil_temp_sensor,28.06,celsius,field_1
2025-10-05T13:05:12.918032+05:30,moist_001,moisture_sensor,0.0,percent,field_1
2025-10-05T13:05:12.929205+05:30,ph_001,ph_sensor,9.15,pH,field_1
2025-10-05T13:05:12.940553+05:30,light_001,light_sensor,light,state,field_1
2025-10-05T13:05:12.952527+05:30,temp_002,air_temp_sensor,27.3,celsius,field_1
2025-10-05T13:05:12.964392+05:30,moist_002,air_hum_sensor,65.0,percent,field_1
2025-10-05T13:05:59.308722+05:30,gas_001,gas_sensor,normal_gas,state,field_1
2025-10-05T13:05:59.314576+05:30,temp_001,soil_temp_sensor,28.06,celsius,field_1
2025-10-05T13:05:59.335043+05:30,moist_001,moisture_sensor,0.0,percent,field_1
2025-10-05T13:05:59.346704+05:30,ph_001,ph_sensor,9.16,pH,field_1
2025-10-05T13:05:59.418206+05:30,light_001,light_sensor,light,state,field_1
2025-10-05T13:05:59.421742+05:30,temp_002,air_temp_sensor,27.3,celsius,field_1
2025-10-05T13:05:59.421891+05:30,moist_002,air_hum_sensor,64.8,percent,field_1
2025-10-05T13:06:22.309652+05:30,gas_001,gas_sensor,normal_gas,state,field_1
2025-10-05T13:06:22.352224+05:30,temp_001,soil_temp_sensor,28.06,celsius,field_1
2025-10-05T13:06:22.359491+05:30,moist_001,moisture_sensor,0.0,percent,field_1
2025-10-05T13:06:22.359793+05:30,ph_001,ph_sensor,9.17,pH,field_1
2025-10-05T13:06:22.364438+05:30,light_001,light_sensor,light,state,field_1
2025-10-05T13:06:22.384710+05:30,temp_002,air_temp_sensor,27.3,celsius,field_1
2025-10-05T13:06:22.388302+05:30,moist_002,air_hum_sensor,65.0,percent,field_1
2025-10-05T13:07:08.324823+05:30,gas_001,gas_sensor,normal_gas,state,field_1
2025-10-05T13:07:08.343858+05:30,temp_001,soil_temp_sensor,28.06,celsius,field_1
2025-10-05T13:07:08.357853+05:30,moist_001,moisture_sensor,0.0,percent,field_1
2025-10-05T13:07:08.369836+05:30,ph_001,ph_sensor,9.11,pH,field_1
2025-10-05T13:07:08.383457+05:30,light_001,light_sensor,light,state,field_1
2025-10-05T13:07:08.406713+05:30,temp_002,air_temp_sensor,27.3,celsius,field_1
2025-10-05T13:07:08.410053+05:30,moist_002,air_hum_sensor,65.0,percent,field_1
2025-10-05T13:07:31.331606+05:30,gas_001,gas_sensor,normal_gas,state,field_1
2025-10-05T13:07:31.342359+05:30,temp_001,soil_temp_sensor,28.06,celsius,field_1
2025-10-05T13:07:31.364263+05:30,moist_001,moisture_sensor,0.0,percent,field_1
2025-10-05T13:07:31.375818+05:30,ph_001,ph_sensor,9.15,pH,field_1
2025-10-05T13:07:31.412024+05:30,light_001,light_sensor,light,state,field_1
2025-10-05T13:07:31.421925+05:30,temp_002,air_temp_sensor,27.4,celsius,field_1
2025-10-05T13:07:31.422074+05:30,moist_002,air_hum_sensor,64.7,percent,field_1
2025-10-05T13:08:17.350705+05:30,gas_001,gas_sensor,normal_gas,state,field_1
2025-10-05T13:08:17.374228+05:30,temp_001,soil_temp_sensor,28.06,celsius,field_1
2025-10-05T13:08:17.405021+05:30,moist_001,moisture_sensor,0.0,percent,field_1
2025-10-05T13:08:17.412860+05:30,ph_001,ph_sensor,9.18,pH,field_1
2025-10-05T13:08:17.413312+05:30,light_001,light_sensor,light,state,field_1
2025-10-05T13:08:17.417247+05:30,temp_002,air_temp_sensor,27.4,celsius,field_1
2025-10-05T13:08:17.432412+05:30,moist_002,air_hum_sensor,64.3,percent,field_1
2025-10-05T13:08:40.423194+05:30,gas_001,gas_sensor,normal_gas,state,field_1
2025-10-05T13:08:40.527194+05:30,temp_001,soil_temp_sensor,28.12,celsius,field_1
2025-10-05T13:08:40.527361+05:30,moist_001,moisture_sensor,0.0,percent,field_1
2025-10-05T13:08:40.527457+05:30,ph_001,ph_sensor,9.14,pH,field_1
2025-10-05T13:08:40.527650+05:30,light_001,light_sensor,light,state,field_1
2025-10-05T13:08:40.527825+05:30,temp_002,air_temp_sensor,27.3,celsius,field_1
2025-10-05T13:08:40.528086+05:30,moist_002,air_hum_sensor,64.6,percent,field_1
2025-10-05T13:09:26.396936+05:30,gas_001,gas_sensor,normal_gas,state,field_1
2025-10-05T13:09:26.408416+05:30,temp_001,soil_temp_sensor,28.06,celsius,field_1
2025-10-05T13:09:26.430133+05:30,moist_001,moisture_sensor,0.0,percent,field_1
2025-10-05T13:09:26.441339+05:30,ph_001,ph_sensor,9.12,pH,field_1
2025-10-05T13:09:26.453365+05:30,light_001,light_sensor,light,state,field_1
2025-10-05T13:09:26.464401+05:30,temp_002,air_temp_sensor,27.4,celsius,field_1
2025-10-05T13:09:26.476275+05:30,moist_002,air_hum_sensor,64.7,percent,field_1
2025-10-05T13:09:49.404785+05:30,gas_001,gas_sensor,normal_gas,state,field_1
2025-10-05T13:09:49.415606+05:30,temp_001,soil_temp_sensor,28.06,celsius,field_1
2025-10-05T13:09:49.437070+05:30,moist_001,moisture_sensor,0.0,percent,field_1
2025-10-05T13:09:49.449764+05:30,ph_001,ph_sensor,9.15,pH,field_1
2025-10-05T13:09:49.461508+05:30,light_001,light_sensor,light,state,field_1
2025-10-05T13:09:49.471692+05:30,temp_002,air_temp_sensor,27.3,celsius,field_1
2025-10-05T13:09:49.483244+05:30,moist_002,air_hum_sensor,64.8,percent,field_1
2025-10-05T13:10:35.423701+05:30,gas_001,gas_sensor,normal_gas,state,field_1
2025-10-05T13:10:35.433961+05:30,temp_001,soil_temp_sensor,28.06,celsius,field_1
2025-10-05T13:10:35.455843+05:30,moist_001,moisture_sensor,0.0,percent,field_1
2025-10-05T13:10:35.467222+05:30,ph_001,ph_sensor,9.17,pH,field_1
2025-10-05T13:10:35.485839+05:30,light_001,light_sensor,light,state,field_1
2025-10-05T13:10:35.490481+05:30,temp_002,air_temp_sensor,27.3,celsius,field_1
2025-10-05T13:10:35.502021+05:30,moist_002,air_hum_sensor,65.2,percent,field_1
2025-10-05T13:10:58.465256+05:30,gas_001,gas_sensor,normal_gas,state,field_1
2025-10-05T13:10:58.480126+05:30,temp_001,soil_temp_sensor,28.06,celsius,field_1
2025-10-05T13:10:58.480528+05:30,moist_001,moisture_sensor,0.0,percent,field_1
2025-10-05T13:10:58.484978+05:30,ph_001,ph_sensor,9.15,pH,field_1
2025-10-05T13:10:58.485126+05:30,light_001,light_sensor,light,state,field_1
2025-10-05T13:10:58.496051+05:30,temp_002,air_temp_sensor,27.3,celsius,field_1
2025-10-05T13:10:58.507355+05:30,moist_002,air_hum_sensor,65.5,percent,field_1
2025-10-05T13:11:44.451802+05:30,gas_001,gas_sensor,normal_gas,state,field_1
2025-10-05T13:11:44.461370+05:30,temp_001,soil_temp_sensor,28.0,celsius,field_1
2025-10-05T13:11:44.482633+05:30,moist_001,moisture_sensor,0.0,percent,field_1
2025-10-05T13:11:44.498362+05:30,ph_001,ph_sensor,9.17,pH,field_1
2025-10-05T13:11:44.510400+05:30,light_001,light_sensor,light,state,field_1
2025-10-05T13:11:44.517058+05:30,temp_002,air_temp_sensor,27.3,celsius,field_1
2025-10-05T13:11:44.528800+05:30,moist_002,air_hum_sensor,66.0,percent,field_1
2025-10-05T13:12:07.468399+05:30,gas_001,gas_sensor,normal_gas,state,field_1
2025-10-05T13:12:07.486759+05:30,temp_001,soil_temp_sensor,28.06,celsius,field_1
2025-10-05T13:12:07.490301+05:30,moist_001,moisture_sensor,0.0,percent,field_1
2025-10-05T13:12:07.499647+05:30,ph_001,ph_sensor,9.17,pH,field_1
2025-10-05T13:12:07.511546+05:30,light_001,light_sensor,light,state,field_1
2025-10-05T13:12:07.522908+05:30,temp_002,air_temp_sensor,27.3,celsius,field_1
2025-10-05T13:12:07.534310+05:30,moist_002,air_hum_sensor,66.0,percent,field_1
2025-10-05T13:12:53.474163+05:30,gas_001,gas_sensor,normal_gas,state,field_1
2025-10-05T13:12:53.483855+05:30,temp_001,soil_temp_sensor,28.06,celsius,field_1
2025-10-05T13:12:53.505567+05:30,moist_001,moisture_sensor,0.0,percent,field_1
2025-10-05T13:12:53.517137+05:30,ph_001,ph_sensor,9.16,pH,field_1
2025-10-05T13:12:53.528459+05:30,light_001,light_sensor,light,state,field_1
2025-10-05T13:12:53.541629+05:30,temp_002,air_temp_sensor,27.3,celsius,field_1
2025-10-05T13:12:53.551701+05:30,moist_002,air_hum_sensor,65.6,percent,field_1
2025-10-05T13:13:16.483440+05:30,gas_001,gas_sensor,normal_gas,state,field_1
2025-10-05T13:13:16.491245+05:30,temp_001,soil_temp_sensor,28.12,celsius,field_1
2025-10-05T13:13:16.512929+05:30,moist_001,moisture_sensor,0.0,percent,field_1
2025-10-05T13:13:16.523892+05:30,ph_001,ph_sensor,9.13,pH,field_1
2025-10-05T13:13:16.535302+05:30,light_001,light_sensor,light,state,field_1
2025-10-05T13:13:16.546824+05:30,temp_002,air_temp_sensor,27.4,celsius,field_1
2025-10-05T13:13:16.558633+05:30,moist_002,air_hum_sensor,65.4,percent,field_1
2025-10-05T13:14:02.514802+05:30,gas_001,gas_sensor,normal_gas,state,field_1
2025-10-05T13:14:02.528474+05:30,temp_001,soil_temp_sensor,28.12,celsius,field_1
2025-10-05T13:14:02.552483+05:30,moist_001,moisture_sensor,0.0,percent,field_1
2025-10-05T13:14:02.564725+05:30,ph_001,ph_sensor,9.15,pH,field_1
2025-10-05T13:14:02.570685+05:30,light_001,light_sensor,light,state,field_1
2025-10-05T13:14:02.604582+05:30,temp_002,air_temp_sensor,27.4,celsius,field_1
2025-10-05T13:14:02.611170+05:30,moist_002,air_hum_sensor,65.3,percent,field_1
2025-10-05T13:14:25.619767+05:30,gas_001,gas_sensor,normal_gas,state,field_1
2025-10-05T13:14:25.756888+05:30,temp_001,soil_temp_sensor,28.12,celsius,field_1
2025-10-05T13:14:25.757299+05:30,moist_001,moisture_sensor,0.0,percent,field_1
2025-10-05T13:14:25.757527+05:30,ph_001,ph_sensor,9.13,pH,field_1
2025-10-05T13:14:25.757717+05:30,light_001,light_sensor,light,state,field_1
2025-10-05T13:14:25.757891+05:30,temp_002,air_temp_sensor,27.4,celsius,field_1
2025-10-05T13:14:25.758071+05:30,moist_002,air_hum_sensor,65.1,percent,field_1
2025-10-05T13:15:11.939593+05:30,gas_001,gas_sensor,normal_gas,state,field_1
2025-10-05T13:15:11.958135+05:30,temp_001,soil_temp_sensor,28.06,celsius,field_1
2025-10-05T13:15:11.973063+05:30,moist_001,moisture_sensor,0.0,percent,field_1
2025-10-05T13:15:11.982082+05:30,ph_001,ph_sensor,9.18,pH,field_1
2025-10-05T13:15:11.993685+05:30,light_001,light_sensor,light,state,field_1
2025-10-05T13:15:12.006794+05:30,temp_002,air_temp_sensor,27.4,celsius,field_1
2025-10-05T13:15:12.018749+05:30,moist_002,air_hum_sensor,65.1,percent,field_1
2025-10-05T13:15:34.949035+05:30,gas_001,gas_sensor,normal_gas,state,field_1
2025-10-05T13:15:34.955423+05:30,temp_001,soil_temp_sensor,28.12,celsius,field_1
2025-10-05T13:15:34.976769+05:30,moist_001,moisture_sensor,0.0,percent,field_1
2025-10-05T13:15:34.988899+05:30,ph_001,ph_sensor,9.19,pH,field_1
2025-10-05T13:15:34.999949+05:30,light_001,light_sensor,light,state,field_1
2025-10-05T13:15:35.011695+05:30,temp_002,air_temp_sensor,27.4,celsius,field_1
2025-10-05T13:15:35.023669+05:30,moist_002,air_hum_sensor,65.3,percent,field_1
2025-10-05T13:16:21.182482+05:30,gas_001,gas_sensor,normal_gas,state,field_1
2025-10-05T13:16:21.191995+05:30,temp_001,soil_temp_sensor,28.06,celsius,field_1
2025-10-05T13:16:21.213686+05:30,moist_001,moisture_sensor,0.0,percent,field_1
2025-10-05T13:16:21.225118+05:30,ph_001,ph_sensor,9.17,pH,field_1
2025-10-05T13:16:21.236844+05:30,light_001,light_sensor,light,state,field_1
2025-10-05T13:16:21.248257+05:30,temp_002,air_temp_sensor,27.4,celsius,field_1
2025-10-05T13:16:21.266825+05:30,moist_002,air_hum_sensor,64.8,percent,field_1
2025-10-05T13:16:44.187789+05:30,gas_001,gas_sensor,normal_gas,state,field_1
2025-10-05T13:16:44.198511+05:30,temp_001,soil_temp_sensor,28.06,celsius,field_1
2025-10-05T13:16:44.220213+05:30,moist_001,moisture_sensor,0.0,percent,field_1
2025-10-05T13:16:44.237616+05:30,ph_001,ph_sensor,9.17,pH,field_1
2025-10-05T13:16:44.243210+05:30,light_001,light_sensor,light,state,field_1
2025-10-05T13:16:44.254901+05:30,temp_002,air_temp_sensor,27.4,celsius,field_1
2025-10-05T13:16:44.266485+05:30,moist_002,air_hum_sensor,64.8,percent,field_1
2025-10-05T13:17:30.205587+05:30,gas_001,gas_sensor,normal_gas,state,field_1
2025-10-05T13:17:30.216824+05:30,temp_001,soil_temp_sensor,28.12,celsius,field_1
2025-10-05T13:17:30.238485+05:30,moist_001,moisture_sensor,0.0,percent,field_1
2025-10-05T13:17:30.250429+05:30,ph_001,ph_sensor,9.17,pH,field_1
2025-10-05T13:17:30.274056+05:30,light_001,light_sensor,light,state,field_1
2025-10-05T13:17:30.278847+05:30,temp_002,air_temp_sensor,27.4,celsius,field_1
2025-10-05T13:17:30.284728+05:30,moist_002,air_hum_sensor,64.5,percent,field_1
2025-10-05T13:17:53.215113+05:30,gas_001,gas_sensor,normal_gas,state,field_1
2025-10-05T13:17:53.224858+05:30,temp_001,soil_temp_sensor,28.12,celsius,field_1
2025-10-05T13:17:53.244813+05:30,moist_001,moisture_sensor,0.0,percent,field_1
2025-10-05T13:17:53.266935+05:30,ph_001,ph_sensor,9.17,pH,field_1
2025-10-05T13:17:53.270603+05:30,light_001,light_sensor,light,state,field_1
2025-10-05T13:17:53.280182+05:30,temp_002,air_temp_sensor,27.4,celsius,field_1
2025-10-05T13:17:53.290562+05:30,moist_002,air_hum_sensor,64.4,percent,field_1
2025-10-05T13:18:39.244557+05:30,gas_001,gas_sensor,normal_gas,state,field_1
2025-10-05T13:18:39.256783+05:30,temp_001,soil_temp_sensor,28.12,celsius,field_1
2025-10-05T13:18:39.277088+05:30,moist_001,moisture_sensor,0.0,percent,field_1
2025-10-05T13:18:39.288587+05:30,ph_001,ph_sensor,9.14,pH,field_1
2025-10-05T13:18:39.339538+05:30,light_001,light_sensor,light,state,field_1
2025-10-05T13:18:39.345392+05:30,temp_002,air_temp_sensor,27.5,celsius,field_1
2025-10-05T13:18:39.345724+05:30,moist_002,air_hum_sensor,64.5,percent,field_1
2025-10-05T13:19:02.250181+05:30,gas_001,gas_sensor,normal_gas,state,field_1
2025-10-05T13:19:02.264255+05:30,temp_001,soil_temp_sensor,28.06,celsius,field_1
2025-10-05T13:19:02.282955+05:30,moist_001,moisture_sensor,0.0,percent,field_1
2025-10-05T13:19:02.294256+05:30,ph_001,ph_sensor,9.14,pH,field_1
2025-10-05T13:19:02.307823+05:30,light_001,light_sensor,light,state,field_1
2025-10-05T13:19:02.317545+05:30,temp_002,air_temp_sensor,27.4,celsius,field_1
2025-10-05T13:19:02.328984+05:30,moist_002,air_hum_sensor,64.5,percent,field_1
2025-10-05T13:19:48.268587+05:30,gas_001,gas_sensor,normal_gas,state,field_1
2025-10-05T13:19:48.281263+05:30,temp_001,soil_temp_sensor,28.12,celsius,field_1
2025-10-05T13:19:48.309092+05:30,moist_001,moisture_sensor,0.0,percent,field_1
2025-10-05T13:19:48.312802+05:30,ph_001,ph_sensor,9.17,pH,field_1
2025-10-05T13:19:48.324307+05:30,light_001,light_sensor,light,state,field_1
2025-10-05T13:19:48.338785+05:30,temp_002,air_temp_sensor,27.4,celsius,field_1
2025-10-05T13:19:48.347556+05:30,moist_002,air_hum_sensor,64.8,percent,field_1
2025-10-05T13:20:11.275861+05:30,gas_001,gas_sensor,normal_gas,state,field_1
2025-10-05T13:20:11.298336+05:30,temp_001,soil_temp_sensor,28.19,celsius,field_1
2025-10-05T13:20:11.315492+05:30,moist_001,moisture_sensor,0.0,percent,field_1
2025-10-05T13:20:11.332189+05:30,ph_001,ph_sensor,9.17,pH,field_1
2025-10-05T13:20:11.332344+05:30,light_001,light_sensor,light,state,field_1
2025-10-05T13:20:11.377867+05:30,temp_002,air_temp_sensor,27.4,celsius,field_1
2025-10-05T13:20:11.393889+05:30,moist_002,air_hum_sensor,65.1,percent,field_1
2025-10-05T13:20:57.459087+05:30,gas_001,gas_sensor,normal_gas,state,field_1
2025-10-05T13:20:57.468930+05:30,temp_001,soil_temp_sensor,28.19,celsius,field_1
2025-10-05T13:20:57.502743+05:30,moist_001,moisture_sensor,0.0,percent,field_1
2025-10-05T13:20:57.523285+05:30,ph_001,ph_sensor,9.16,pH,field_1
2025-10-05T13:20:57.536513+05:30,light_001,light_sensor,light,state,field_1
2025-10-05T13:20:57.536660+05:30,temp_002,air_temp_sensor,27.4,celsius,field_1
2025-10-05T13:20:57.540723+05:30,moist_002,air_hum_sensor,65.5,percent,field_1
2025-10-05T13:21:20.463659+05:30,gas_001,gas_sensor,normal_gas,state,field_1
2025-10-05T13:21:20.473143+05:30,temp_001,soil_temp_sensor,28.25,celsius,field_1
2025-10-05T13:21:20.501268+05:30,moist_001,moisture_sensor,0.0,percent,field_1
2025-10-05T13:21:20.506182+05:30,ph_001,ph_sensor,9.19,pH,field_1
2025-10-05T13:21:20.517477+05:30,light_001,light_sensor,light,state,field_1
2025-10-05T13:21:20.529036+05:30,temp_002,air_temp_sensor,27.5,celsius,field_1
2025-10-05T13:21:20.543191+05:30,moist_002,air_hum_sensor,65.6,percent,field_1
2025-10-05T13:22:06.514636+05:30,gas_001,gas_sensor,normal_gas,state,field_1
2025-10-05T13:22:06.519619+05:30,temp_001,soil_temp_sensor,28.25,celsius,field_1
2025-10-05T13:22:06.519883+05:30,moist_001,moisture_sensor,0.0,percent,field_1
2025-10-05T13:22:06.525677+05:30,ph_001,ph_sensor,9.12,pH,field_1
2025-10-05T13:22:06.535259+05:30,light_001,light_sensor,light,state,field_1
2025-10-05T13:22:06.547046+05:30,temp_002,air_temp_sensor,27.5,celsius,field_1
2025-10-05T13:22:06.565855+05:30,moist_002,air_hum_sensor,65.4,percent,field_1
2025-10-05T13:22:28.319659+05:30,gas_001,gas_sensor,normal_gas,state,field_1
2025-10-05T13:22:28.332712+05:30,temp_001,soil_temp_sensor,28.44,celsius,field_1
2025-10-05T13:22:28.352272+05:30,moist_001,moisture_sensor,0.0,percent,field_1
2025-10-05T13:22:28.363832+05:30,ph_001,ph_sensor,9.12,pH,field_1
2025-10-05T13:22:28.375493+05:30,light_001,light_sensor,light,state,field_1
2025-10-05T13:22:28.386857+05:30,temp_002,air_temp_sensor,27.5,celsius,field_1
2025-10-05T13:22:28.398588+05:30,moist_002,air_hum_sensor,65.3,percent,field_1
2025-10-05T13:22:51.326500+05:30,gas_001,gas_sensor,normal_gas,state,field_1
2025-10-05T13:22:51.337566+05:30,temp_001,soil_temp_sensor,26.06,celsius,field_1
2025-10-05T13:22:51.359185+05:30,moist_001,moisture_sensor,0.0,percent,field_1
2025-10-05T13:22:51.370612+05:30,ph_001,ph_sensor,9.17,pH,field_1
2025-10-05T13:22:51.385238+05:30,light_001,light_sensor,light,state,field_1
2025-10-05T13:22:51.398039+05:30,temp_002,air_temp_sensor,27.5,celsius,field_1
2025-10-05T13:22:51.405161+05:30,moist_002,air_hum_sensor,65.3,percent,field_1
2025-10-05T13:23:37.347530+05:30,gas_001,gas_sensor,normal_gas,state,field_1
2025-10-05T13:23:37.358653+05:30,temp_001,soil_temp_sensor,25.31,celsius,field_1
2025-10-05T13:23:37.385513+05:30,moist_001,moisture_sensor,0.0,percent,field_1
2025-10-05T13:23:37.391905+05:30,ph_001,ph_sensor,9.15,pH,field_1
2025-10-05T13:23:37.403235+05:30,light_001,light_sensor,light,state,field_1
2025-10-05T13:23:37.430931+05:30,temp_002,air_temp_sensor,27.5,celsius,field_1
2025-10-05T13:23:37.437177+05:30,moist_002,air_hum_sensor,65.2,percent,field_1
2025-10-05T13:24:00.356062+05:30,gas_001,gas_sensor,normal_gas,state,field_1
2025-10-05T13:24:00.365153+05:30,temp_001,soil_temp_sensor,25.25,celsius,field_1
2025-10-05T13:24:00.387148+05:30,moist_001,moisture_sensor,0.0,percent,field_1
2025-10-05T13:24:00.398733+05:30,ph_001,ph_sensor,9.16,pH,field_1
2025-10-05T13:24:00.410127+05:30,light_001,light_sensor,light,state,field_1
2025-10-05T13:24:00.421580+05:30,temp_002,air_temp_sensor,27.6,celsius,field_1
2025-10-05T13:24:00.433816+05:30,moist_002,air_hum_sensor,65.0,percent,field_1
2025-10-05T13:24:46.424492+05:30,gas_001,gas_sensor,normal_gas,state,field_1
2025-10-05T13:24:46.427948+05:30,temp_001,soil_temp_sensor,25.25,celsius,field_1
2025-10-05T13:24:46.443184+05:30,moist_001,moisture_sensor,0.0,percent,field_1
2025-10-05T13:24:46.454898+05:30,ph_001,ph_sensor,9.15,pH,field_1
2025-10-05T13:24:46.483642+05:30,light_001,light_sensor,light,state,field_1
2025-10-05T13:24:46.487203+05:30,temp_002,air_temp_sensor,27.5,celsius,field_1
2025-10-05T13:24:46.490624+05:30,moist_002,air_hum_sensor,65.0,percent,field_1
2025-10-05T13:25:09.418904+05:30,gas_001,gas_sensor,normal_gas,state,field_1
2025-10-05T13:25:09.428559+05:30,temp_001,soil_temp_sensor,25.25,celsius,field_1
2025-10-05T13:25:09.452632+05:30,moist_001,moisture_sensor,0.0,percent,field_1
2025-10-05T13:25:09.461697+05:30,ph_001,ph_sensor,9.16,pH,field_1
2025-10-05T13:25:09.473183+05:30,light_001,light_sensor,light,state,field_1
2025-10-05T13:25:09.484626+05:30,temp_002,air_temp_sensor,27.5,celsius,field_1
2025-10-05T13:25:09.496086+05:30,moist_002,air_hum_sensor,64.9,percent,field_1
2025-10-05T13:25:55.445844+05:30,gas_001,gas_sensor,normal_gas,state,field_1
2025-10-05T13:25:55.461265+05:30,temp_001,soil_temp_sensor,25.25,celsius,field_1
2025-10-05T13:25:55.478230+05:30,moist_001,moisture_sensor,0.0,percent,field_1
2025-10-05T13:25:55.489737+05:30,ph_001,ph_sensor,9.16,pH,field_1
2025-10-05T13:25:55.505785+05:30,light_001,light_sensor,light,state,field_1
2025-10-05T13:25:55.512636+05:30,temp_002,air_temp_sensor,27.6,celsius,field_1
2025-10-05T13:25:55.524110+05:30,moist_002,air_hum_sensor,64.9,percent,field_1
2025-10-05T13:26:18.452550+05:30,gas_001,gas_sensor,normal_gas,state,field_1
2025-10-05T13:26:18.472686+05:30,temp_001,soil_temp_sensor,26.87,celsius,field_1
2025-10-05T13:26:18.484810+05:30,moist_001,moisture_sensor,0.0,percent,field_1
2025-10-05T13:26:18.496080+05:30,ph_001,ph_sensor,9.06,pH,field_1
2025-10-05T13:26:18.532125+05:30,light_001,light_sensor,light,state,field_1
2025-10-05T13:26:18.539601+05:30,temp_002,air_temp_sensor,27.6,celsius,field_1
2025-10-05T13:26:18.539690+05:30,moist_002,air_hum_sensor,64.8,percent,field_1
2025-10-05T13:27:04.516120+05:30,gas_001,gas_sensor,normal_gas,state,field_1
2025-10-05T13:27:04.519898+05:30,temp_001,soil_temp_sensor,32.25,celsius,field_1
2025-10-05T13:27:04.520159+05:30,moist_001,moisture_sensor,0.0,percent,field_1
2025-10-05T13:27:04.523499+05:30,ph_001,ph_sensor,8.29,pH,field_1
2025-10-05T13:27:04.531608+05:30,light_001,light_sensor,light,state,field_1
2025-10-05T13:27:04.543641+05:30,temp_002,air_temp_sensor,27.7,celsius,field_1
2025-10-05T13:27:04.555074+05:30,moist_002,air_hum_sensor,64.5,percent,field_1
2025-10-05T13:27:27.556491+05:30,gas_001,gas_sensor,normal_gas,state,field_1
2025-10-05T13:27:27.690755+05:30,temp_001,soil_temp_sensor,31.5,celsius,field_1
2025-10-05T13:27:27.691059+05:30,moist_001,moisture_sensor,0.0,percent,field_1
2025-10-05T13:27:27.691275+05:30,ph_001,ph_sensor,8.08,pH,field_1
2025-10-05T13:27:27.691452+05:30,light_001,light_sensor,light,state,field_1
2025-10-05T13:27:27.691620+05:30,temp_002,air_temp_sensor,27.7,celsius,field_1
2025-10-05T13:27:27.691753+05:30,moist_002,air_hum_sensor,64.6,percent,field_1
2025-10-05T13:28:13.742000+05:30,gas_001,gas_sensor,normal_gas,state,field_1
2025-10-05T13:28:13.746649+05:30,temp_001,soil_temp_sensor,30.88,celsius,field_1
2025-10-05T13:28:13.746951+05:30,moist_001,moisture_sensor,0.0,percent,field_1
2025-10-05T13:28:13.747163+05:30,ph_001,ph_sensor,7.95,pH,field_1
2025-10-05T13:28:13.747297+05:30,light_001,light_sensor,light,state,field_1
2025-10-05T13:28:13.751231+05:30,temp_002,air_temp_sensor,27.7,celsius,field_1
2025-10-05T13:28:13.766249+05:30,moist_002,air_hum_sensor,64.6,percent,field_1
2025-10-05T13:28:36.780197+05:30,gas_001,gas_sensor,normal_gas,state,field_1
2025-10-05T13:28:36.884415+05:30,temp_001,soil_temp_sensor,30.62,celsius,field_1
2025-10-05T13:28:36.884966+05:30,moist_001,moisture_sensor,0.0,percent,field_1
2025-10-05T13:28:36.885322+05:30,ph_001,ph_sensor,8.73,pH,field_1
2025-10-05T13:28:36.885618+05:30,light_001,light_sensor,light,state,field_1
2025-10-05T13:28:36.885929+05:30,temp_002,air_temp_sensor,27.7,celsius,field_1
2025-10-05T13:28:36.886199+05:30,moist_002,air_hum_sensor,65.0,percent,field_1
2025-10-05T13:29:22.708441+05:30,gas_001,gas_sensor,normal_gas,state,field_1
2025-10-05T13:29:22.719535+05:30,temp_001,soil_temp_sensor,30.31,celsius,field_1
2025-10-05T13:29:22.744894+05:30,moist_001,moisture_sensor,0.0,percent,field_1
2025-10-05T13:29:22.766574+05:30,ph_001,ph_sensor,8.2,pH,field_1
2025-10-05T13:29:22.770097+05:30,light_001,light_sensor,light,state,field_1
2025-10-05T13:29:22.775110+05:30,temp_002,air_temp_sensor,27.7,celsius,field_1
2025-10-05T13:29:22.786980+05:30,moist_002,air_hum_sensor,64.0,percent,field_1
2025-10-05T13:29:45.715169+05:30,gas_001,gas_sensor,normal_gas,state,field_1
2025-10-05T13:29:45.726024+05:30,temp_001,soil_temp_sensor,30.31,celsius,field_1
2025-10-05T13:29:45.747652+05:30,moist_001,moisture_sensor,0.0,percent,field_1
2025-10-05T13:29:45.759084+05:30,ph_001,ph_sensor,8.18,pH,field_1
2025-10-05T13:29:45.770536+05:30,light_001,light_sensor,light,state,field_1
2025-10-05T13:29:45.782218+05:30,temp_002,air_temp_sensor,27.7,celsius,field_1
2025-10-05T13:29:45.816709+05:30,moist_002,air_hum_sensor,64.1,percent,field_1
2025-10-05T13:30:31.761074+05:30,gas_001,gas_sensor,normal_gas,state,field_1
2025-10-05T13:30:32.165848+05:30,temp_001,soil_temp_sensor,30.12,celsius,field_1
2025-10-05T13:30:32.166359+05:30,moist_001,moisture_sensor,0.0,percent,field_1
2025-10-05T13:30:32.166574+05:30,ph_001,ph_sensor,7.74,pH,field_1
2025-10-05T13:30:32.166758+05:30,light_001,light_sensor,light,state,field_1
2025-10-05T13:30:32.167068+05:30,temp_002,air_temp_sensor,27.7,celsius,field_1
2025-10-05T13:30:32.167240+05:30,moist_002,air_hum_sensor,64.1,percent,field_1
2025-10-05T13:30:54.766074+05:30,gas_001,gas_sensor,normal_gas,state,field_1
2025-10-05T13:30:54.776732+05:30,temp_001,soil_temp_sensor,30.12,celsius,field_1
2025-10-05T13:30:54.798718+05:30,moist_001,moisture_sensor,81.0,percent,field_1
2025-10-05T13:30:54.809873+05:30,ph_001,ph_sensor,7.81,pH,field_1
2025-10-05T13:30:54.823091+05:30,light_001,light_sensor,light,state,field_1
2025-10-05T13:30:54.832930+05:30,temp_002,air_temp_sensor,27.7,celsius,field_1
2025-10-05T13:30:54.861258+05:30,moist_002,air_hum_sensor,63.8,percent,field_1
2025-10-05T13:31:40.824181+05:30,gas_001,gas_sensor,normal_gas,state,field_1
2025-10-05T13:31:40.828786+05:30,temp_001,soil_temp_sensor,29.94,celsius,field_1
2025-10-05T13:31:40.829187+05:30,moist_001,moisture_sensor,63.0,percent,field_1
2025-10-05T13:31:40.830427+05:30,ph_001,ph_sensor,7.85,pH,field_1
2025-10-05T13:31:40.861884+05:30,light_001,light_sensor,light,state,field_1
2025-10-05T13:31:40.865831+05:30,temp_002,air_temp_sensor,27.7,celsius,field_1
2025-10-05T13:31:40.866175+05:30,moist_002,air_hum_sensor,63.3,percent,field_1
2025-10-05T13:32:03.794845+05:30,gas_001,gas_sensor,normal_gas,state,field_1
2025-10-05T13:32:03.809148+05:30,temp_001,soil_temp_sensor,29.81,celsius,field_1
2025-10-05T13:32:03.822356+05:30,moist_001,moisture_sensor,61.0,percent,field_1
2025-10-05T13:32:03.834915+05:30,ph_001,ph_sensor,7.84,pH,field_1
2025-10-05T13:32:03.845358+05:30,light_001,light_sensor,light,state,field_1
2025-10-05T13:32:03.856794+05:30,temp_002,air_temp_sensor,27.7,celsius,field_1
2025-10-05T13:32:03.868483+05:30,moist_002,air_hum_sensor,63.0,percent,field_1
2025-10-05T13:32:49.820281+05:30,gas_001,gas_sensor,normal_gas,state,field_1
2025-10-05T13:32:49.834464+05:30,temp_001,soil_temp_sensor,29.81,celsius,field_1
2025-10-05T13:32:49.852332+05:30,moist_001,moisture_sensor,59.0,percent,field_1
2025-10-05T13:32:49.863914+05:30,ph_001,ph_sensor,7.8,pH,field_1
2025-10-05T13:32:49.875431+05:30,light_001,light_sensor,light,state,field_1
2025-10-05T13:32:49.895258+05:30,temp_002,air_temp_sensor,27.7,celsius,field_1
2025-10-05T13:32:49.907784+05:30,moist_002,air_hum_sensor,63.7,percent,field_1
2025-10-05T13:33:01.759341+05:30,gas_001,gas_sensor,normal_gas,state,field_1
2025-10-05T13:33:01.782108+05:30,temp_001,soil_temp_sensor,29.75,celsius,field_1
2025-10-05T13:33:01.795053+05:30,moist_001,moisture_sensor,60.0,percent,field_1
2025-10-05T13:33:01.817536+05:30,ph_001,ph_sensor,7.4,pH,field_1
2025-10-05T13:33:01.821227+05:30,light_001,light_sensor,light,state,field_1
2025-10-05T13:33:01.855748+05:30,temp_002,air_temp_sensor,27.8,celsius,field_1
2025-10-05T13:33:01.859340+05:30,moist_002,air_hum_sensor,63.7,percent,field_1
2025-10-05T13:33:24.766090+05:30,gas_001,gas_sensor,normal_gas,state,field_1
2025-10-05T13:33:24.776738+05:30,temp_001,soil_temp_sensor,27.87,celsius,field_1
2025-10-05T13:33:24.798591+05:30,moist_001,moisture_sensor,83.0,percent,field_1
2025-10-05T13:33:24.809820+05:30,ph_001,ph_sensor,8.52,pH,field_1
2025-10-05T13:33:24.821433+05:30,light_001,light_sensor,light,state,field_1
2025-10-05T13:33:24.839688+05:30,temp_002,air_temp_sensor,27.8,celsius,field_1
2025-10-05T13:33:24.850043+05:30,moist_002,air_hum_sensor,63.6,percent,field_1
2025-10-05T13:34:10.965693+05:30,gas_001,gas_sensor,normal_gas,state,field_1
2025-10-05T13:34:10.985931+05:30,temp_001,soil_temp_sensor,25.56,celsius,field_1
2025-10-05T13:34:10.998045+05:30,moist_001,moisture_sensor,61.0,percent,field_1
2025-10-05T13:34:11.009689+05:30,ph_001,ph_sensor,8.47,pH,field_1
2025-10-05T13:34:11.050995+05:30,light_001,light_sensor,light,state,field_1
2025-10-05T13:34:11.054649+05:30,temp_002,air_temp_sensor,27.7,celsius,field_1
2025-10-05T13:34:11.054855+05:30,moist_002,air_hum_sensor,63.8,percent,field_1
2025-10-05T13:34:33.972208+05:30,gas_001,gas_sensor,normal_gas,state,field_1
2025-10-05T13:34:33.982942+05:30,temp_001,soil_temp_sensor,25.5,celsius,field_1
2025-10-05T13:34:34.006265+05:30,moist_001,moisture_sensor,78.0,percent,field_1
2025-10-05T13:34:34.016205+05:30,ph_001,ph_sensor,8.43,pH,field_1
2025-10-05T13:34:34.027673+05:30,light_001,light_sensor,light,state,field_1
2025-10-05T13:34:34.039279+05:30,temp_002,air_temp_sensor,27.7,celsius,field_1
2025-10-05T13:34:34.085005+05:30,moist_002,air_hum_sensor,63.3,percent,field_1
2025-10-05T13:35:20.007466+05:30,gas_001,gas_sensor,normal_gas,state,field_1
2025-10-05T13:35:20.019496+05:30,temp_001,soil_temp_sensor,25.44,celsius,field_1
2025-10-05T13:35:20.040894+05:30,moist_001,moisture_sensor,61.0,percent,field_1
2025-10-05T13:35:20.066359+05:30,ph_001,ph_sensor,8.36,pH,field_1
2025-10-05T13:35:20.077607+05:30,light_001,light_sensor,light,state,field_1
2025-10-05T13:35:20.077944+05:30,temp_002,air_temp_sensor,27.7,celsius,field_1
2025-10-05T13:35:20.085038+05:30,moist_002,air_hum_sensor,63.8,percent,field_1
2025-10-05T13:35:43.084722+05:30,gas_001,gas_sensor,toxic_gas,state,field_1
2025-10-05T13:35:43.184365+05:30,temp_001,soil_temp_sensor,25.44,celsius,field_1
2025-10-05T13:35:43.184619+05:30,moist_001,moisture_sensor,61.0,percent,field_1
2025-10-05T13:35:43.184742+05:30,ph_001,ph_sensor,8.3,pH,field_1
2025-10-05T13:35:43.184884+05:30,light_001,light_sensor,light,state,field_1
2025-10-05T13:35:43.184967+05:30,temp_002,air_temp_sensor,27.7,celsius,field_1
2025-10-05T13:35:43.185046+05:30,moist_002,air_hum_sensor,64.2,percent,field_1
2025-10-05T13:36:29.056281+05:30,gas_001,gas_sensor,normal_gas,state,field_1
2025-10-05T13:36:29.059778+05:30,temp_001,soil_temp_sensor,25.44,celsius,field_1
2025-10-05T13:36:29.077877+05:30,moist_001,moisture_sensor,61.0,percent,field_1
2025-10-05T13:36:29.101566+05:30,ph_001,ph_sensor,8.23,pH,field_1
2025-10-05T13:36:29.132721+05:30,light_001,light_sensor,light,state,field_1
2025-10-05T13:36:29.154712+05:30,temp_002,air_temp_sensor,27.7,celsius,field_1
2025-10-05T13:36:29.155057+05:30,moist_002,air_hum_sensor,63.9,percent,field_1
2025-10-05T13:36:52.054247+05:30,gas_001,gas_sensor,normal_gas,state,field_1
2025-10-05T13:36:52.062492+05:30,temp_001,soil_temp_sensor,25.44,celsius,field_1
2025-10-05T13:36:52.138284+05:30,moist_001,moisture_sensor,61.0,percent,field_1
2025-10-05T13:36:52.141926+05:30,ph_001,ph_sensor,2.36,pH,field_1
2025-10-05T13:36:52.142146+05:30,light_001,light_sensor,light,state,field_1
2025-10-05T13:36:52.142287+05:30,temp_002,air_temp_sensor,27.7,celsius,field_1
2025-10-05T13:36:52.142431+05:30,moist_002,air_hum_sensor,63.7,percent,field_1
2025-10-05T13:37:38.482098+05:30,gas_001,gas_sensor,normal_gas,state,field_1
2025-10-05T13:37:38.486127+05:30,temp_001,soil_temp_sensor,25.44,celsius,field_1
2025-10-05T13:37:38.496728+05:30,moist_001,moisture_sensor,62.0,percent,field_1
2025-10-05T13:37:38.523872+05:30,ph_001,ph_sensor,3.86,pH,field_1
2025-10-05T13:37:38.565338+05:30,light_001,light_sensor,light,state,field_1
2025-10-05T13:37:38.565527+05:30,temp_002,air_temp_sensor,27.8,celsius,field_1
2025-10-05T13:37:38.590940+05:30,moist_002,air_hum_sensor,63.2,percent,field_1
2025-10-05T13:38:01.485492+05:30,gas_001,gas_sensor,normal_gas,state,field_1
2025-10-05T13:38:01.489097+05:30,temp_001,soil_temp_sensor,25.44,celsius,field_1
2025-10-05T13:38:01.502158+05:30,moist_001,moisture_sensor,63.0,percent,field_1
2025-10-05T13:38:01.513759+05:30,ph_001,ph_sensor,3.96,pH,field_1
2025-10-05T13:38:01.525238+05:30,light_001,light_sensor,light,state,field_1
2025-10-05T13:38:01.536885+05:30,temp_002,air_temp_sensor,27.7,celsius,field_1
2025-10-05T13:38:01.548364+05:30,moist_002,air_hum_sensor,63.1,percent,field_1
2025-10-05T13:38:47.651788+05:30,gas_001,gas_sensor,normal_gas,state,field_1
2025-10-05T13:38:47.662733+05:30,temp_001,soil_temp_sensor,25.5,celsius,field_1
2025-10-05T13:38:47.684396+05:30,moist_001,moisture_sensor,63.0,percent,field_1
2025-10-05T13:38:47.695936+05:30,ph_001,ph_sensor,4.03,pH,field_1
2025-10-05T13:38:47.707597+05:30,light_001,light_sensor,light,state,field_1
2025-10-05T13:38:47.718955+05:30,temp_002,air_temp_sensor,27.7,celsius,field_1
2025-10-05T13:38:47.735643+05:30,moist_002,air_hum_sensor,62.7,percent,field_1
2025-10-05T13:39:10.685820+05:30,gas_001,gas_sensor,normal_gas,state,field_1
2025-10-05T13:39:11.157522+05:30,temp_001,soil_temp_sensor,25.44,celsius,field_1
2025-10-05T13:39:11.157839+05:30,moist_001,moisture_sensor,64.0,percent,field_1
2025-10-05T13:39:11.158036+05:30,ph_001,ph_sensor,4.05,pH,field_1
2025-10-05T13:39:11.158218+05:30,light_001,light_sensor,light,state,field_1
2025-10-05T13:39:11.158382+05:30,temp_002,air_temp_sensor,27.7,celsius,field_1
2025-10-05T13:39:11.158518+05:30,moist_002,air_hum_sensor,63.1,percent,field_1
2025-10-05T13:39:56.724659+05:30,gas_001,gas_sensor,normal_gas,state,field_1
2025-10-05T13:39:56.728299+05:30,temp_001,soil_temp_sensor,25.44,celsius,field_1
2025-10-05T13:39:56.728490+05:30,moist_001,moisture_sensor,64.0,percent,field_1
2025-10-05T13:39:56.728628+05:30,ph_001,ph_sensor,4.05,pH,field_1
2025-10-05T13:39:56.733571+05:30,light_001,light_sensor,light,state,field_1
2025-10-05T13:39:56.745019+05:30,temp_002,air_temp_sensor,27.7,celsius,field_1
2025-10-05T13:39:56.758295+05:30,moist_002,air_hum_sensor,63.2,percent,field_1
2025-10-05T13:40:19.689872+05:30,gas_001,gas_sensor,normal_gas,state,field_1
2025-10-05T13:40:19.694965+05:30,temp_001,soil_temp_sensor,25.5,celsius,field_1
2025-10-05T13:40:19.716737+05:30,moist_001,moisture_sensor,64.0,percent,field_1
2025-10-05T13:40:19.728202+05:30,ph_001,ph_sensor,4.01,pH,field_1
2025-10-05T13:40:19.739592+05:30,light_001,light_sensor,light,state,field_1
2025-10-05T13:40:19.751236+05:30,temp_002,air_temp_sensor,27.7,celsius,field_1
2025-10-05T13:40:19.766230+05:30,moist_002,air_hum_sensor,63.2,percent,field_1
2025-10-05T13:41:05.708354+05:30,gas_001,gas_sensor,normal_gas,state,field_1
2025-10-05T13:41:05.720700+05:30,temp_001,soil_temp_sensor,25.44,celsius,field_1
2025-10-05T13:41:05.741859+05:30,moist_001,moisture_sensor,65.0,percent,field_1
2025-10-05T13:41:05.752376+05:30,ph_001,ph_sensor,4.04,pH,field_1
2025-10-05T13:41:05.763942+05:30,light_001,light_sensor,light,state,field_1
2025-10-05T13:41:05.775577+05:30,temp_002,air_temp_sensor,27.7,celsius,field_1
2025-10-05T13:41:05.800935+05:30,moist_002,air_hum_sensor,63.3,percent,field_1
2025-10-05T13:41:28.714634+05:30,gas_001,gas_sensor,normal_gas,state,field_1
2025-10-05T13:41:28.725626+05:30,temp_001,soil_temp_sensor,25.5,celsius,field_1
2025-10-05T13:41:28.747172+05:30,moist_001,moisture_sensor,65.0,percent,field_1
2025-10-05T13:41:28.758961+05:30,ph_001,ph_sensor,4.05,pH,field_1
2025-10-05T13:41:28.770047+05:30,light_001,light_sensor,light,state,field_1
2025-10-05T13:41:28.782160+05:30,temp_002,air_temp_sensor,27.7,celsius,field_1
2025-10-05T13:41:28.793086+05:30,moist_002,air_hum_sensor,63.4,percent,field_1
2025-10-05T13:42:14.734798+05:30,gas_001,gas_sensor,normal_gas,state,field_1
2025-10-05T13:42:14.745753+05:30,temp_001,soil_temp_sensor,25.5,celsius,field_1
2025-10-05T13:42:14.767574+05:30,moist_001,moisture_sensor,65.0,percent,field_1
2025-10-05T13:42:14.785325+05:30,ph_001,ph_sensor,4.07,pH,field_1
2025-10-05T13:42:14.790288+05:30,light_001,light_sensor,light,state,field_1
2025-10-05T13:42:14.801848+05:30,temp_002,air_temp_sensor,27.7,celsius,field_1
2025-10-05T13:42:14.813499+05:30,moist_002,air_hum_sensor,63.5,percent,field_1
2025-10-05T13:42:37.741899+05:30,gas_001,gas_sensor,normal_gas,state,field_1
2025-10-05T13:42:37.755851+05:30,temp_001,soil_temp_sensor,25.5,celsius,field_1
2025-10-05T13:42:37.795879+05:30,moist_001,moisture_sensor,65.0,percent,field_1
2025-10-05T13:42:37.803832+05:30,ph_001,ph_sensor,4.05,pH,field_1
2025-10-05T13:42:37.804559+05:30,light_001,light_sensor,light,state,field_1
2025-10-05T13:42:37.812651+05:30,temp_002,air_temp_sensor,27.7,celsius,field_1
2025-10-05T13:42:37.833886+05:30,moist_002,air_hum_sensor,63.6,percent,field_1
2025-10-05T13:43:23.758475+05:30,gas_001,gas_sensor,normal_gas,state,field_1
2025-10-05T13:43:23.769557+05:30,temp_001,soil_temp_sensor,25.5,celsius,field_1
2025-10-05T13:43:23.791081+05:30,moist_001,moisture_sensor,65.0,percent,field_1
2025-10-05T13:43:23.802550+05:30,ph_001,ph_sensor,4.07,pH,field_1
2025-10-05T13:43:23.814433+05:30,light_001,light_sensor,light,state,field_1
2025-10-05T13:43:23.828101+05:30,temp_002,air_temp_sensor,27.7,celsius,field_1
2025-10-05T13:43:23.837266+05:30,moist_002,air_hum_sensor,63.9,percent,field_1
2025-10-05T13:43:46.767027+05:30,gas_001,gas_sensor,normal_gas,state,field_1
2025-10-05T13:43:46.787113+05:30,temp_001,soil_temp_sensor,25.5,celsius,field_1
2025-10-05T13:43:46.821458+05:30,moist_001,moisture_sensor,65.0,percent,field_1
2025-10-05T13:43:46.826495+05:30,ph_001,ph_sensor,4.06,pH,field_1
2025-10-05T13:43:46.826908+05:30,light_001,light_sensor,light,state,field_1
2025-10-05T13:43:46.831846+05:30,temp_002,air_temp_sensor,27.7,celsius,field_1
2025-10-05T13:43:46.852305+05:30,moist_002,air_hum_sensor,64.2,percent,field_1
2025-10-05T13:44:32.782207+05:30,gas_001,gas_sensor,normal_gas,state,field_1
2025-10-05T13:44:32.793473+05:30,temp_001,soil_temp_sensor,25.5,celsius,field_1
2025-10-05T13:44:32.831951+05:30,moist_001,moisture_sensor,66.0,percent,field_1
2025-10-05T13:44:32.837328+05:30,ph_001,ph_sensor,4.06,pH,field_1
2025-10-05T13:44:32.841391+05:30,light_001,light_sensor,light,state,field_1
2025-10-05T13:44:32.849275+05:30,temp_002,air_temp_sensor,27.6,celsius,field_1
2025-10-05T13:44:32.879647+05:30,moist_002,air_hum_sensor,64.2,percent,field_1
2025-10-05T13:44:55.789059+05:30,gas_001,gas_sensor,normal_gas,state,field_1
2025-10-05T13:44:55.799640+05:30,temp_001,soil_temp_sensor,25.5,celsius,field_1
2025-10-05T13:44:55.821746+05:30,moist_001,moisture_sensor,66.0,percent,field_1
2025-10-05T13:44:55.832739+05:30,ph_001,ph_sensor,4.07,pH,field_1
2025-10-05T13:44:55.849617+05:30,light_001,light_sensor,light,state,field_1
2025-10-05T13:44:55.856775+05:30,temp_002,air_temp_sensor,27.6,celsius,field_1
2025-10-05T13:44:55.867831+05:30,moist_002,air_hum_sensor,64.3,percent,field_1
2025-10-05T13:45:41.920131+05:30,gas_001,gas_sensor,normal_gas,state,field_1
2025-10-05T13:45:42.035778+05:30,temp_001,soil_temp_sensor,25.5,celsius,field_1
2025-10-05T13:45:42.035899+05:30,moist_001,moisture_sensor,66.0,percent,field_1
2025-10-05T13:45:42.035987+05:30,ph_001,ph_sensor,4.07,pH,field_1
2025-10-05T13:45:42.036054+05:30,light_001,light_sensor,light,state,field_1
2025-10-05T13:45:42.036125+05:30,temp_002,air_temp_sensor,27.5,celsius,field_1
2025-10-05T13:45:42.036185+05:30,moist_002,air_hum_sensor,64.6,percent,field_1
2025-10-05T13:46:04.809970+05:30,gas_001,gas_sensor,normal_gas,state,field_1
2025-10-05T13:46:04.823625+05:30,temp_001,soil_temp_sensor,25.56,celsius,field_1
2025-10-05T13:46:04.842619+05:30,moist_001,moisture_sensor,66.0,percent,field_1
2025-10-05T13:46:04.883801+05:30,ph_001,ph_sensor,4.04,pH,field_1
2025-10-05T13:46:04.915077+05:30,light_001,light_sensor,light,state,field_1
2025-10-05T13:46:04.915276+05:30,temp_002,air_temp_sensor,27.5,celsius,field_1
2025-10-05T13:46:04.918610+05:30,moist_002,air_hum_sensor,64.7,percent,field_1
2025-10-05T13:46:50.851720+05:30,gas_001,gas_sensor,normal_gas,state,field_1
2025-10-05T13:46:50.862759+05:30,temp_001,soil_temp_sensor,25.5,celsius,field_1
2025-10-05T13:46:50.907121+05:30,moist_001,moisture_sensor,67.0,percent,field_1
2025-10-05T13:46:50.911329+05:30,ph_001,ph_sensor,4.05,pH,field_1
2025-10-05T13:46:50.911413+05:30,light_001,light_sensor,light,state,field_1
2025-10-05T13:46:50.918295+05:30,temp_002,air_temp_sensor,27.6,celsius,field_1
2025-10-05T13:46:50.929723+05:30,moist_002,air_hum_sensor,64.6,percent,field_1
2025-10-05T13:47:14.444959+05:30,gas_001,gas_sensor,normal_gas,state,field_1
2025-10-05T13:47:14.456319+05:30,temp_001,soil_temp_sensor,25.5,celsius,field_1
2025-10-05T13:47:14.493253+05:30,moist_001,moisture_sensor,67.0,percent,field_1
2025-10-05T13:47:14.502300+05:30,ph_001,ph_sensor,4.08,pH,field_1
2025-10-05T13:47:14.505714+05:30,light_001,light_sensor,light,state,field_1
2025-10-05T13:47:14.511847+05:30,temp_002,air_temp_sensor,27.6,celsius,field_1
2025-10-05T13:47:14.523415+05:30,moist_002,air_hum_sensor,64.6,percent,field_1
2025-10-05T13:47:37.451768+05:30,gas_001,gas_sensor,normal_gas,state,field_1
2025-10-05T13:47:37.462883+05:30,temp_001,soil_temp_sensor,25.62,celsius,field_1
2025-10-05T13:47:37.484300+05:30,moist_001,moisture_sensor,67.0,percent,field_1
2025-10-05T13:47:37.497484+05:30,ph_001,ph_sensor,4.04,pH,field_1
2025-10-05T13:47:37.507485+05:30,light_001,light_sensor,light,state,field_1
2025-10-05T13:47:37.518902+05:30,temp_002,air_temp_sensor,27.6,celsius,field_1
2025-10-05T13:47:37.530439+05:30,moist_002,air_hum_sensor,64.7,percent,field_1
2025-10-05T13:48:23.871283+05:30,gas_001,gas_sensor,normal_gas,state,field_1
2025-10-05T13:48:23.882431+05:30,temp_001,soil_temp_sensor,25.5,celsius,field_1
2025-10-05T13:48:23.903969+05:30,moist_001,moisture_sensor,67.0,percent,field_1
2025-10-05T13:48:23.918398+05:30,ph_001,ph_sensor,4.07,pH,field_1
2025-10-05T13:48:23.927130+05:30,light_001,light_sensor,light,state,field_1
2025-10-05T13:48:23.938710+05:30,temp_002,air_temp_sensor,27.6,celsius,field_1
2025-10-05T13:48:23.950346+05:30,moist_002,air_hum_sensor,64.7,percent,field_1
2025-10-05T13:48:46.877818+05:30,gas_001,gas_sensor,normal_gas,state,field_1
2025-10-05T13:48:46.888718+05:30,temp_001,soil_temp_sensor,25.56,celsius,field_1
2025-10-05T13:48:46.910371+05:30,moist_001,moisture_sensor,67.0,percent,field_1
2025-10-05T13:48:46.921846+05:30,ph_001,ph_sensor,4.06,pH,field_1
2025-10-05T13:48:46.933280+05:30,light_001,light_sensor,light,state,field_1
2025-10-05T13:48:46.944743+05:30,temp_002,air_temp_sensor,27.6,celsius,field_1
2025-10-05T13:48:46.958775+05:30,moist_002,air_hum_sensor,64.6,percent,field_1
2025-10-05T13:49:33.312788+05:30,gas_001,gas_sensor,normal_gas,state,field_1
2025-10-05T13:49:33.331968+05:30,temp_001,soil_temp_sensor,25.56,celsius,field_1
2025-10-05T13:49:33.346739+05:30,moist_001,moisture_sensor,67.0,percent,field_1
2025-10-05T13:49:33.357033+05:30,ph_001,ph_sensor,4.05,pH,field_1
2025-10-05T13:49:33.368493+05:30,light_001,light_sensor,light,state,field_1
2025-10-05T13:49:33.380170+05:30,temp_002,air_temp_sensor,27.7,celsius,field_1
2025-10-05T13:49:33.391532+05:30,moist_002,air_hum_sensor,64.5,percent,field_1
2025-10-05T13:49:56.333632+05:30,gas_001,gas_sensor,normal_gas,state,field_1
2025-10-05T13:49:56.337129+05:30,temp_001,soil_temp_sensor,25.5,celsius,field_1
2025-10-05T13:49:56.351360+05:30,moist_001,moisture_sensor,67.0,percent,field_1
2025-10-05T13:49:56.403352+05:30,ph_001,ph_sensor,4.09,pH,field_1
2025-10-05T13:49:56.407300+05:30,light_001,light_sensor,light,state,field_1
2025-10-05T13:49:56.407461+05:30,temp_002,air_temp_sensor,27.7,celsius,field_1
2025-10-05T13:49:56.407565+05:30,moist_002,air_hum_sensor,64.3,percent,field_1
2025-10-05T13:50:42.337230+05:30,gas_001,gas_sensor,normal_gas,state,field_1
2025-10-05T13:50:42.355502+05:30,temp_001,soil_temp_sensor,25.56,celsius,field_1
2025-10-05T13:50:42.371483+05:30,moist_001,moisture_sensor,68.0,percent,field_1
2025-10-05T13:50:42.391731+05:30,ph_001,ph_sensor,4.1,pH,field_1
2025-10-05T13:50:42.409234+05:30,light_001,light_sensor,light,state,field_1
2025-10-05T13:50:42.414301+05:30,temp_002,air_temp_sensor,27.7,celsius,field_1
2025-10-05T13:50:42.417659+05:30,moist_002,air_hum_sensor,63.6,percent,field_1
2025-10-05T13:51:05.343516+05:30,gas_001,gas_sensor,normal_gas,state,field_1
2025-10-05T13:51:05.357970+05:30,temp_001,soil_temp_sensor,25.56,celsius,field_1
2025-10-05T13:51:05.378409+05:30,moist_001,moisture_sensor,68.0,percent,field_1
2025-10-05T13:51:05.389048+05:30,ph_001,ph_sensor,4.04,pH,field_1
2025-10-05T13:51:05.407125+05:30,light_001,light_sensor,light,state,field_1
2025-10-05T13:51:05.413720+05:30,temp_002,air_temp_sensor,27.7,celsius,field_1
2025-10-05T13:51:05.421779+05:30,moist_002,air_hum_sensor,63.6,percent,field_1
2025-10-05T13:51:51.944841+05:30,gas_001,gas_sensor,normal_gas,state,field_1
2025-10-05T13:51:51.952488+05:30,temp_001,soil_temp_sensor,25.56,celsius,field_1
2025-10-05T13:51:52.028194+05:30,moist_001,moisture_sensor,68.0,percent,field_1
2025-10-05T13:51:52.065363+05:30,ph_001,ph_sensor,4.05,pH,field_1
2025-10-05T13:51:52.065693+05:30,light_001,light_sensor,light,state,field_1
2025-10-05T13:51:52.065826+05:30,temp_002,air_temp_sensor,27.7,celsius,field_1
2025-10-05T13:51:52.065958+05:30,moist_002,air_hum_sensor,63.7,percent,field_1
2025-10-05T13:52:17.352774+05:30,gas_001,gas_sensor,normal_gas,state,field_1
2025-10-05T13:52:17.360100+05:30,temp_001,soil_temp_sensor,25.56,celsius,field_1
2025-10-05T13:52:17.398532+05:30,moist_001,moisture_sensor,68.0,percent,field_1
2025-10-05T13:52:17.402291+05:30,ph_001,ph_sensor,4.05,pH,field_1
2025-10-05T13:52:17.405788+05:30,light_001,light_sensor,light,state,field_1
2025-10-05T13:52:17.417564+05:30,temp_002,air_temp_sensor,27.7,celsius,field_1
2025-10-05T13:52:17.448717+05:30,moist_002,air_hum_sensor,63.5,percent,field_1
2025-10-05T13:52:40.355614+05:30,gas_001,gas_sensor,normal_gas,state,field_1
2025-10-05T13:52:40.366220+05:30,temp_001,soil_temp_sensor,25.62,celsius,field_1
2025-10-05T13:52:40.389533+05:30,moist_001,moisture_sensor,67.0,percent,field_1
2025-10-05T13:52:40.399562+05:30,ph_001,ph_sensor,3.71,pH,field_1
2025-10-05T13:52:40.412329+05:30,light_001,light_sensor,light,state,field_1
2025-10-05T13:52:40.422303+05:30,temp_002,air_temp_sensor,27.7,celsius,field_1
2025-10-05T13:52:40.434208+05:30,moist_002,air_hum_sensor,63.5,percent,field_1
2025-10-05T13:53:26.401187+05:30,gas_001,gas_sensor,normal_gas,state,field_1
2025-10-05T13:53:26.409132+05:30,temp_001,soil_temp_sensor,25.62,celsius,field_1
2025-10-05T13:53:26.427260+05:30,moist_001,moisture_sensor,67.0,percent,field_1
2025-10-05T13:53:26.436252+05:30,ph_001,ph_sensor,5.09,pH,field_1
2025-10-05T13:53:26.489619+05:30,light_001,light_sensor,light,state,field_1
2025-10-05T13:53:26.490155+05:30,temp_002,air_temp_sensor,27.7,celsius,field_1
2025-10-05T13:53:26.490504+05:30,moist_002,air_hum_sensor,63.9,percent,field_1
2025-10-05T13:53:49.399013+05:30,gas_001,gas_sensor,normal_gas,state,field_1
2025-10-05T13:53:49.432882+05:30,temp_001,soil_temp_sensor,25.62,celsius,field_1
2025-10-05T13:53:49.443925+05:30,moist_001,moisture_sensor,68.0,percent,field_1
2025-10-05T13:53:49.447367+05:30,ph_001,ph_sensor,5.17,pH,field_1
2025-10-05T13:53:49.455330+05:30,light_001,light_sensor,light,state,field_1
2025-10-05T13:53:49.465567+05:30,temp_002,air_temp_sensor,27.7,celsius,field_1
2025-10-05T13:53:49.477033+05:30,moist_002,air_hum_sensor,63.8,percent,field_1
2025-10-05T13:54:35.435120+05:30,gas_001,gas_sensor,normal_gas,state,field_1
2025-10-05T13:54:35.438715+05:30,temp_001,soil_temp_sensor,25.62,celsius,field_1
2025-10-05T13:54:35.464933+05:30,moist_001,moisture_sensor,68.0,percent,field_1
2025-10-05T13:54:35.474052+05:30,ph_001,ph_sensor,5.24,pH,field_1
2025-10-05T13:54:35.485241+05:30,light_001,light_sensor,light,state,field_1
2025-10-05T13:54:35.495414+05:30,temp_002,air_temp_sensor,27.7,celsius,field_1
2025-10-05T13:54:35.519945+05:30,moist_002,air_hum_sensor,64.1,percent,field_1
2025-10-05T13:54:58.474681+05:30,gas_001,gas_sensor,normal_gas,state,field_1
2025-10-05T13:54:58.479036+05:30,temp_001,soil_temp_sensor,25.56,celsius,field_1
2025-10-05T13:54:58.479289+05:30,moist_001,moisture_sensor,68.0,percent,field_1
2025-10-05T13:54:58.479466+05:30,ph_001,ph_sensor,5.27,pH,field_1
2025-10-05T13:54:58.490619+05:30,light_001,light_sensor,light,state,field_1
2025-10-05T13:54:58.507066+05:30,temp_002,air_temp_sensor,27.7,celsius,field_1
2025-10-05T13:54:58.526282+05:30,moist_002,air_hum_sensor,64.2,percent,field_1
2025-10-05T13:55:44.458347+05:30,gas_001,gas_sensor,normal_gas,state,field_1
2025-10-05T13:55:44.465821+05:30,temp_001,soil_temp_sensor,25.62,celsius,field_1
2025-10-05T13:55:44.483446+05:30,moist_001,moisture_sensor,68.0,percent,field_1
2025-10-05T13:55:44.494928+05:30,ph_001,ph_sensor,5.34,pH,field_1
2025-10-05T13:55:44.508209+05:30,light_001,light_sensor,light,state,field_1
2025-10-05T13:55:44.518169+05:30,temp_002,air_temp_sensor,27.7,celsius,field_1
2025-10-05T13:55:44.536370+05:30,moist_002,air_hum_sensor,64.3,percent,field_1
2025-10-05T13:56:07.498144+05:30,gas_001,gas_sensor,normal_gas,state,field_1
2025-10-05T13:56:07.517355+05:30,temp_001,soil_temp_sensor,25.62,celsius,field_1
2025-10-05T13:56:07.517486+05:30,moist_001,moisture_sensor,68.0,percent,field_1
2025-10-05T13:56:07.517603+05:30,ph_001,ph_sensor,5.38,pH,field_1
2025-10-05T13:56:07.520724+05:30,light_001,light_sensor,light,state,field_1
2025-10-05T13:56:07.524103+05:30,temp_002,air_temp_sensor,27.7,celsius,field_1
2025-10-05T13:56:07.552649+05:30,moist_002,air_hum_sensor,63.8,percent,field_1
2025-10-05T13:56:53.477564+05:30,gas_001,gas_sensor,normal_gas,state,field_1
2025-10-05T13:56:53.484170+05:30,temp_001,soil_temp_sensor,25.62,celsius,field_1
2025-10-05T13:56:53.506150+05:30,moist_001,moisture_sensor,67.0,percent,field_1
2025-10-05T13:56:53.532356+05:30,ph_001,ph_sensor,7.1,pH,field_1
2025-10-05T13:56:53.532536+05:30,light_001,light_sensor,light,state,field_1
2025-10-05T13:56:53.540008+05:30,temp_002,air_temp_sensor,27.7,celsius,field_1
2025-10-05T13:56:53.551424+05:30,moist_002,air_hum_sensor,63.7,percent,field_1
2025-10-05T13:57:16.512881+05:30,gas_001,gas_sensor,normal_gas,state,field_1
2025-10-05T13:57:16.524159+05:30,temp_001,soil_temp_sensor,25.69,celsius,field_1
2025-10-05T13:57:16.524263+05:30,moist_001,moisture_sensor,67.0,percent,field_1
2025-10-05T13:57:16.544425+05:30,ph_001,ph_sensor,7.5,pH,field_1
2025-10-05T13:57:16.565527+05:30,light_001,light_sensor,light,state,field_1
2025-10-05T13:57:16.565634+05:30,temp_002,air_temp_sensor,27.8,celsius,field_1
2025-10-05T13:57:16.568889+05:30,moist_002,air_hum_sensor,63.9,percent,field_1
2025-10-05T13:00:12.457528Z,test_recent_001,temperature,25.5,celsius,test_room
2025-10-05T13:00:31.094664+05:30,test_recent,temperature,25.0,celsius,test
2025-10-05T13:00:46.721481+05:30,test_recent,temperature,25.0,celsius,test
2025-10-05T13:31:26.463704+05:30,test_very_recent,temperature,26.0,celsius,test
2025-10-05T13:01:26.463704+05:30,test_recent,temperature,25.0,celsius,test
2025-10-05T13:32:11.887689+05:30,test_very_recent,temperature,26.0,celsius,test
2025-10-05T13:02:11.887689+05:30,test_recent,temperature,25.0,celsius,test
2025-10-06T02:30:45.438538+05:30,gas_001,gas_sensor,normal_gas,state,field_1
2025-10-06T02:30:45.650577+05:30,temp_001,soil_temp_sensor,26.56,celsius,field_1
2025-10-06T02:30:45.868085+05:30,moist_001,moisture_sensor,0.0,percent,field_1
2025-10-06T02:30:46.077951+05:30,ph_001,ph_sensor,6.42,pH,field_1
2025-10-06T02:30:46.284642+05:30,light_001,light_sensor,light,state,field_1
2025-10-06T02:30:46.481652+05:30,temp_002,air_temp_sensor,26.2,celsius,field_1
2025-10-06T02:30:46.692064+05:30,moist_002,air_hum_sensor,80.7,percent,field_1
2025-10-06T02:31:02.898152+05:30,gas_001,gas_sensor,normal_gas,state,field_1
2025-10-06T02:31:03.110771+05:30,temp_001,soil_temp_sensor,26.56,celsius,field_1
2025-10-06T02:31:03.342027+05:30,moist_001,moisture_sensor,0.0,percent,field_1
2025-10-06T02:31:03.533153+05:30,ph_001,ph_sensor,6.42,pH,field_1
2025-10-06T02:31:03.731483+05:30,light_001,light_sensor,light,state,field_1
2025-10-06T02:31:03.942720+05:30,temp_002,air_temp_sensor,26.2,celsius,field_1
2025-10-06T02:31:04.157880+05:30,moist_002,air_hum_sensor,80.7,percent,field_1
2025-10-06T02:31:27.481102+05:30,gas_001,gas_sensor,normal_gas,state,field_1
2025-10-06T02:31:27.693171+05:30,temp_001,soil_temp_sensor,26.62,celsius,field_1
2025-10-06T02:31:27.906693+05:30,moist_001,moisture_sensor,0.0,percent,field_1
2025-10-06T02:31:28.116879+05:30,ph_001,ph_sensor,6.42,pH,field_1
2025-10-06T02:31:28.314771+05:30,light_001,light_sensor,light,state,field_1
2025-10-06T02:31:28.525016+05:30,temp_002,air_temp_sensor,26.2,celsius,field_1
2025-10-06T02:31:28.738592+05:30,moist_002,air_hum_sensor,80.7,percent,field_1
2025-10-06T02:32:16.658759+05:30,gas_001,gas_sensor,normal_gas,state,field_1
2025-10-06T02:32:16.871002+05:30,temp_001,soil_temp_sensor,26.56,celsius,field_1
2025-10-06T02:32:17.080705+05:30,moist_001,moisture_sensor,0.0,percent,field_1
2025-10-06T02:32:17.299000+05:30,ph_001,ph_sensor,6.43,pH,field_1
2025-10-06T02:32:17.494402+05:30,light_001,light_sensor,light,state,field_1
2025-10-06T02:32:17.784194+05:30,temp_002,air_temp_sensor,26.2,celsius,field_1
2025-10-06T02:32:17.915484+05:30,moist_002,air_hum_sensor,80.6,percent,field_1
2025-10-06T02:32:41.239378+05:30,gas_001,gas_sensor,normal_gas,state,field_1
2025-10-06T02:32:41.454738+05:30,temp_001,soil_temp_sensor,26.62,celsius,field_1
2025-10-06T02:32:41.667194+05:30,moist_001,moisture_sensor,0.0,percent,field_1
2025-10-06T02:32:41.872360+05:30,ph_001,ph_sensor,6.42,pH,field_1
2025-10-06T02:32:42.075343+05:30,light_001,light_sensor,light,state,field_1
2025-10-06T02:32:42.280925+05:30,temp_002,air_temp_sensor,26.2,celsius,field_1
2025-10-06T02:32:42.496728+05:30,moist_002,air_hum_sensor,80.6,percent,field_1
2025-10-06T02:33:30.413992+05:30,gas_001,gas_sensor,normal_gas,state,field_1
2025-10-06T02:33:30.628133+05:30,temp_001,soil_temp_sensor,26.62,celsius,field_1
2025-10-06T02:33:30.837679+05:30,moist_001,moisture_sensor,0.0,percent,field_1
2025-10-06T02:33:31.045021+05:30,ph_001,ph_sensor,6.42,pH,field_1
2025-10-06T02:33:31.247274+05:30,light_001,light_sensor,light,state,field_1
2025-10-06T02:33:31.460641+05:30,temp_002,air_temp_sensor,26.2,celsius,field_1
2025-10-06T02:33:31.675066+05:30,moist_002,air_hum_sensor,80.6,percent,field_1
2025-10-06T02:33:55.011494+05:30,gas_001,gas_sensor,normal_gas,state,field_1
2025-10-06T02:33:55.206880+05:30,temp_001,soil_temp_sensor,26.62,celsius,field_1
2025-10-06T02:33:55.416141+05:30,moist_001,moisture_sensor,0.0,percent,field_1
2025-10-06T02:33:55.629960+05:30,ph_001,ph_sensor,6.43,pH,field_1
2025-10-06T02:33:55.838766+05:30,light_001,light_sensor,light,state,field_1
2025-10-06T02:33:56.057385+05:30,temp_002,air_temp_sensor,26.2,celsius,field_1
2025-10-06T02:33:56.261391+05:30,moist_002,air_hum_sensor,80.6,percent,field_1
2025-10-06T02:34:44.178520+05:30,gas_001,gas_sensor,normal_gas,state,field_1
2025-10-06T02:34:44.391227+05:30,temp_001,soil_temp_sensor,26.56,celsius,field_1
2025-10-06T02:34:44.597295+05:30,moist_001,moisture_sensor,0.0,percent,field_1
2025-10-06T02:34:44.809851+05:30,ph_001,ph_sensor,6.43,pH,field_1
2025-10-06T02:34:45.074936+05:30,light_001,light_sensor,light,state,field_1
2025-10-06T02:34:45.218943+05:30,temp_002,air_temp_sensor,26.2,celsius,field_1
2025-10-06T02:34:45.439844+05:30,moist_002,air_hum_sensor,80.6,percent,field_1
2025-10-06T02:35:08.764802+05:30,gas_001,gas_sensor,normal_gas,state,field_1
2025-10-06T02:35:09.004192+05:30,temp_001,soil_temp_sensor,26.56,celsius,field_1
2025-10-06T02:35:09.178871+05:30,moist_001,moisture_sensor,0.0,percent,field_1
2025-10-06T02:35:09.389676+05:30,ph_001,ph_sensor,6.43,pH,field_1
2025-10-06T02:35:09.591336+05:30,light_001,light_sensor,light,state,field_1
2025-10-06T02:35:09.804893+05:30,temp_002,air_temp_sensor,26.2,celsius,field_1
2025-10-06T02:35:10.017861+05:30,moist_002,air_hum_sensor,80.5,percent,field_1
2025-10-06T02:35:57.936238+05:30,gas_001,gas_sensor,normal_gas,state,field_1
2025-10-06T02:36:00.547977+05:30,temp_001,soil_temp_sensor,26.56,celsius,field_1
2025-10-06T02:36:00.596428+05:30,moist_001,moisture_sensor,0.0,percent,field_1
2025-10-06T02:36:00.598559+05:30,ph_001,ph_sensor,6.42,pH,field_1
2025-10-06T02:36:00.599571+05:30,light_001,light_sensor,light,state,field_1
2025-10-06T02:36:00.600201+05:30,temp_002,air_temp_sensor,26.2,celsius,field_1
2025-10-06T02:36:00.601358+05:30,moist_002,air_hum_sensor,80.5,percent,field_1
2025-10-06T02:36:22.518516+05:30,gas_001,gas_sensor,normal_gas,state,field_1
2025-10-06T02:36:22.730155+05:30,temp_001,soil_temp_sensor,26.56,celsius,field_1
2025-10-06T02:36:22.943844+05:30,moist_001,moisture_sensor,0.0,percent,field_1
2025-10-06T02:36:23.151951+05:30,ph_001,ph_sensor,6.46,pH,field_1
2025-10-06T02:36:23.353731+05:30,light_001,light_sensor,light,state,field_1
2025-10-06T02:36:23.566177+05:30,temp_002,air_temp_sensor,26.2,celsius,field_1
2025-10-06T02:36:23.776339+05:30,moist_002,air_hum_sensor,80.5,percent,field_1
2025-10-06T02:37:11.686564+05:30,gas_001,gas_sensor,normal_gas,state,field_1
2025-10-06T02:37:11.897010+05:30,temp_001,soil_temp_sensor,26.56,celsius,field_1
2025-10-06T02:37:12.106896+05:30,moist_001,moisture_sensor,0.0,percent,field_1
2025-10-06T02:37:12.320048+05:30,ph_001,ph_sensor,6.43,pH,field_1
2025-10-06T02:37:12.519013+05:30,light_001,light_sensor,light,state,field_1
2025-10-06T02:37:12.731354+05:30,temp_002,air_temp_sensor,26.2,celsius,field_1
2025-10-06T02:37:12.944114+05:30,moist_002,air_hum_sensor,80.5,percent,field_1
2025-10-06T02:37:36.271052+05:30,gas_001,gas_sensor,normal_gas,state,field_1
2025-10-06T02:37:36.479201+05:30,temp_001,soil_temp_sensor,26.56,celsius,field_1
2025-10-06T02:37:36.689453+05:30,moist_001,moisture_sensor,0.0,percent,field_1
2025-10-06T02:37:36.901809+05:30,ph_001,ph_sensor,6.44,pH,field_1
2025-10-06T02:37:37.104880+05:30,light_001,light_sensor,light,state,field_1
2025-10-06T02:37:37.310726+05:30,temp_002,air_temp_sensor,26.2,celsius,field_1
2025-10-06T02:37:37.523929+05:30,moist_002,air_hum_sensor,80.5,percent,field_1
2025-10-06T02:38:25.445895+05:30,gas_001,gas_sensor,normal_gas,state,field_1
2025-10-06T02:38:25.660095+05:30,temp_001,soil_temp_sensor,26.56,celsius,field_1
2025-10-06T02:38:25.872135+05:30,moist_001,moisture_sensor,0.0,percent,field_1
2025-10-06T02:38:26.125748+05:30,ph_001,ph_sensor,6.42,pH,field_1
2025-10-06T02:38:26.273010+05:30,light_001,light_sensor,light,state,field_1
2025-10-06T02:38:26.663045+05:30,temp_002,air_temp_sensor,26.2,celsius,field_1
2025-10-06T02:38:26.874733+05:30,moist_002,air_hum_sensor,80.5,percent,field_1
2025-10-06T02:38:50.022552+05:30,gas_001,gas_sensor,normal_gas,state,field_1
2025-10-06T02:38:50.234602+05:30,temp_001,soil_temp_sensor,26.56,celsius,field_1
2025-10-06T02:38:50.446907+05:30,moist_001,moisture_sensor,0.0,percent,field_1
2025-10-06T02:38:50.656595+05:30,ph_001,ph_sensor,6.43,pH,field_1
2025-10-06T02:38:50.905189+05:30,light_001,light_sensor,light,state,field_1
2025-10-06T02:38:51.073890+05:30,temp_002,air_temp_sensor,26.2,celsius,field_1
2025-10-06T02:38:51.278496+05:30,moist_002,air_hum_sensor,80.5,percent,field_1
2025-10-06T02:39:39.192974+05:30,gas_001,gas_sensor,normal_gas,state,field_1
2025-10-06T02:39:39.406369+05:30,temp_001,soil_temp_sensor,26.5,celsius,field_1
2025-10-06T02:39:39.660056+05:30,moist_001,moisture_sensor,0.0,percent,field_1
2025-10-06T02:39:39.890821+05:30,ph_001,ph_sensor,6.42,pH,field_1
2025-10-06T02:39:40.051554+05:30,light_001,light_sensor,light,state,field_1
2025-10-06T02:39:41.069427+05:30,temp_002,air_temp_sensor,26.2,celsius,field_1
2025-10-06T02:39:41.072393+05:30,moist_002,air_hum_sensor,80.5,percent,field_1
2025-10-06T02:40:03.780377+05:30,gas_001,gas_sensor,normal_gas,state,field_1
2025-10-06T02:40:03.990269+05:30,temp_001,soil_temp_sensor,26.56,celsius,field_1
2025-10-06T02:40:05.080226+05:30,moist_001,moisture_sensor,0.0,percent,field_1
2025-10-06T02:40:05.086638+05:30,ph_001,ph_sensor,6.43,pH,field_1
2025-10-06T02:40:05.089217+05:30,light_001,light_sensor,light,state,field_1
2025-10-06T02:40:05.091131+05:30,temp_002,air_temp_sensor,26.2,celsius,field_1
2025-10-06T02:40:05.095121+05:30,moist_002,air_hum_sensor,80.5,percent,field_1
2025-10-06T02:40:52.960800+05:30,gas_001,gas_sensor,normal_gas,state,field_1
2025-10-06T02:40:53.177074+05:30,temp_001,soil_temp_sensor,26.56,celsius,field_1
2025-10-06T02:40:53.389888+05:30,moist_001,moisture_sensor,0.0,percent,field_1
2025-10-06T02:40:53.591222+05:30,ph_001,ph_sensor,6.42,pH,field_1
2025-10-06T02:40:53.797584+05:30,light_001,light_sensor,light,state,field_1
2025-10-06T02:40:54.021368+05:30,temp_002,air_temp_sensor,26.2,celsius,field_1
2025-10-06T02:40:54.216613+05:30,moist_002,air_hum_sensor,80.5,percent,field_1
2025-10-06T02:41:17.545203+05:30,gas_001,gas_sensor,normal_gas,state,field_1
2025-10-06T02:41:17.755974+05:30,temp_001,soil_temp_sensor,26.5,celsius,field_1
2025-10-06T02:41:17.963985+05:30,moist_001,moisture_sensor,0.0,percent,field_1
2025-10-06T02:41:18.174501+05:30,ph_001,ph_sensor,6.43,pH,field_1
2025-10-06T02:41:18.378874+05:30,light_001,light_sensor,light,state,field_1
2025-10-06T02:41:18.587204+05:30,temp_002,air_temp_sensor,26.2,celsius,field_1
2025-10-06T02:41:18.870142+05:30,moist_002,air_hum_sensor,80.5,percent,field_1
2025-10-06T02:42:06.719218+05:30,gas_001,gas_sensor,normal_gas,state,field_1
2025-10-06T02:42:06.931357+05:30,temp_001,soil_temp_sensor,26.56,celsius,field_1
2025-10-06T02:42:07.140244+05:30,moist_001,moisture_sensor,0.0,percent,field_1
2025-10-06T02:42:07.354867+05:30,ph_001,ph_sensor,6.43,pH,field_1
2025-10-06T02:42:07.552647+05:30,light_001,light_sensor,light,state,field_1
2025-10-06T02:42:07.769577+05:30,temp_002,air_temp_sensor,26.2,celsius,field_1
2025-10-06T02:42:07.978825+05:30,moist_002,air_hum_sensor,80.5,percent,field_1
2025-10-06T02:42:31.301468+05:30,gas_001,gas_sensor,normal_gas,state,field_1
2025-10-06T02:42:31.518294+05:30,temp_001,soil_temp_sensor,26.56,celsius,field_1
2025-10-06T02:42:32.582353+05:30,moist_001,moisture_sensor,0.0,percent,field_1
2025-10-06T02:42:32.584757+05:30,ph_001,ph_sensor,6.44,pH,field_1
2025-10-06T02:42:32.601140+05:30,light_001,light_sensor,light,state,field_1
2025-10-06T02:42:32.616553+05:30,temp_002,air_temp_sensor,26.2,celsius,field_1
2025-10-06T02:42:32.638830+05:30,moist_002,air_hum_sensor,80.4,percent,field_1
2025-10-06T02:43:20.480738+05:30,gas_001,gas_sensor,normal_gas,state,field_1
2025-10-06T02:43:20.712874+05:30,temp_001,soil_temp_sensor,26.56,celsius,field_1
2025-10-06T02:43:20.908439+05:30,moist_001,moisture_sensor,0.0,percent,field_1
2025-10-06T02:43:21.117045+05:30,ph_001,ph_sensor,6.43,pH,field_1
2025-10-06T02:43:21.313912+05:30,light_001,light_sensor,light,state,field_1
2025-10-06T02:43:21.534707+05:30,temp_002,air_temp_sensor,26.2,celsius,field_1
2025-10-06T02:43:21.741345+05:30,moist_002,air_hum_sensor,80.5,percent,field_1
2025-10-06T02:43:45.064387+05:30,gas_001,gas_sensor,normal_gas,state,field_1
2025-10-06T02:43:45.307893+05:30,temp_001,soil_temp_sensor,26.56,celsius,field_1
2025-10-06T02:43:45.487594+05:30,moist_001,moisture_sensor,0.0,percent,field_1
2025-10-06T02:43:46.534487+05:30,ph_001,ph_sensor,6.41,pH,field_1
2025-10-06T02:43:46.541737+05:30,light_001,light_sensor,light,state,field_1
2025-10-06T02:43:46.546760+05:30,temp_002,air_temp_sensor,26.2,celsius,field_1
2025-10-06T02:43:46.550272+05:30,moist_002,air_hum_sensor,80.5,percent,field_1
2025-10-06T02:44:34.258677+05:30,gas_001,gas_sensor,normal_gas,state,field_1
2025-10-06T02:44:34.456898+05:30,temp_001,soil_temp_sensor,26.56,celsius,field_1
2025-10-06T02:44:34.665173+05:30,moist_001,moisture_sensor,0.0,percent,field_1
2025-10-06T02:44:34.879380+05:30,ph_001,ph_sensor,6.42,pH,field_1
2025-10-06T02:44:35.076691+05:30,light_001,light_sensor,light,state,field_1
2025-10-06T02:44:35.289669+05:30,temp_002,air_temp_sensor,26.2,celsius,field_1
2025-10-06T02:44:35.506494+05:30,moist_002,air_hum_sensor,80.4,percent,field_1
2025-10-06T02:44:58.831843+05:30,gas_001,gas_sensor,normal_gas,state,field_1
2025-10-06T02:44:59.039816+05:30,temp_001,soil_temp_sensor,26.56,celsius,field_1
2025-10-06T02:44:59.249027+05:30,moist_001,moisture_sensor,0.0,percent,field_1
2025-10-06T02:44:59.464292+05:30,ph_001,ph_sensor,6.44,pH,field_1
2025-10-06T02:44:59.659100+05:30,light_001,light_sensor,light,state,field_1
2025-10-06T02:44:59.917472+05:30,temp_002,air_temp_sensor,26.2,celsius,field_1
2025-10-06T02:45:00.092206+05:30,moist_002,air_hum_sensor,80.4,percent,field_1
2025-10-06T02:45:47.999343+05:30,gas_001,gas_sensor,normal_gas,state,field_1
2025-10-06T02:45:48.209441+05:30,temp_001,soil_temp_sensor,26.56,celsius,field_1
2025-10-06T02:45:48.421086+05:30,moist_001,moisture_sensor,0.0,percent,field_1
2025-10-06T02:45:48.633062+05:30,ph_001,ph_sensor,6.43,pH,field_1
2025-10-06T02:45:48.830713+05:30,light_001,light_sensor,light,state,field_1
2025-10-06T02:45:49.044084+05:30,temp_002,air_temp_sensor,26.2,celsius,field_1
2025-10-06T02:45:49.260081+05:30,moist_002,air_hum_sensor,80.4,percent,field_1
2025-10-06T02:46:12.607252+05:30,gas_001,gas_sensor,normal_gas,state,field_1
2025-10-06T02:46:12.793246+05:30,temp_001,soil_temp_sensor,26.56,celsius,field_1
2025-10-06T02:46:13.091015+05:30,moist_001,moisture_sensor,0.0,percent,field_1
2025-10-06T02:46:13.215929+05:30,ph_001,ph_sensor,6.43,pH,field_1
2025-10-06T02:46:13.415395+05:30,light_001,light_sensor,light,state,field_1
2025-10-06T02:46:13.626060+05:30,temp_002,air_temp_sensor,26.2,celsius,field_1
2025-10-06T02:46:13.836347+05:30,moist_002,air_hum_sensor,80.4,percent,field_1
2025-10-06T02:47:01.772966+05:30,gas_001,gas_sensor,normal_gas,state,field_1
2025-10-06T02:47:01.974470+05:30,temp_001,soil_temp_sensor,26.56,celsius,field_1
2025-10-06T02:47:02.186134+05:30,moist_001,moisture_sensor,0.0,percent,field_1
2025-10-06T02:47:02.393188+05:30,ph_001,ph_sensor,6.44,pH,field_1
2025-10-06T02:47:02.596442+05:30,light_001,light_sensor,light,state,field_1
2025-10-06T02:47:02.803144+05:30,temp_002,air_temp_sensor,26.2,celsius,field_1
2025-10-06T02:47:03.017197+05:30,moist_002,air_hum_sensor,80.4,percent,field_1
2025-10-06T02:47:26.342039+05:30,gas_001,gas_sensor,normal_gas,state,field_1
2025-10-06T02:47:26.555293+05:30,temp_001,soil_temp_sensor,26.56,celsius,field_1
2025-10-06T02:47:27.649928+05:30,moist_001,moisture_sensor,0.0,percent,field_1
2025-10-06T02:47:27.651574+05:30,ph_001,ph_sensor,6.43,pH,field_1
2025-10-06T02:47:27.653035+05:30,light_001,light_sensor,light,state,field_1
2025-10-06T02:47:27.655140+05:30,temp_002,air_temp_sensor,26.2,celsius,field_1
2025-10-06T02:47:27.657345+05:30,moist_002,air_hum_sensor,80.4,percent,field_1
2025-10-06T02:48:15.522440+05:30,gas_001,gas_sensor,normal_gas,state,field_1
2025-10-06T02:48:15.750376+05:30,temp_001,soil_temp_sensor,26.56,celsius,field_1
2025-10-06T02:48:15.946070+05:30,moist_001,moisture_sensor,0.0,percent,field_1
2025-10-06T02:48:16.181555+05:30,ph_001,ph_sensor,6.45,pH,field_1
2025-10-06T02:48:16.355687+05:30,light_001,light_sensor,light,state,field_1
2025-10-06T02:48:16.569126+05:30,temp_002,air_temp_sensor,26.2,celsius,field_1
2025-10-06T02:48:16.783653+05:30,moist_002,air_hum_sensor,80.4,percent,field_1
2025-10-06T02:48:40.104831+05:30,gas_001,gas_sensor,normal_gas,state,field_1
2025-10-06T02:48:40.320688+05:30,temp_001,soil_temp_sensor,26.56,celsius,field_1
2025-10-06T02:48:40.529678+05:30,moist_001,moisture_sensor,0.0,percent,field_1
2025-10-06T02:48:40.745500+05:30,ph_001,ph_sensor,6.45,pH,field_1
2025-10-06T02:48:40.944008+05:30,light_001,light_sensor,light,state,field_1
2025-10-06T02:48:41.150652+05:30,temp_002,air_temp_sensor,26.2,celsius,field_1
2025-10-06T02:48:41.371186+05:30,moist_002,air_hum_sensor,80.4,percent,field_1
2025-10-06T02:49:29.295773+05:30,gas_001,gas_sensor,normal_gas,state,field_1
2025-10-06T02:49:29.502503+05:30,temp_001,soil_temp_sensor,26.56,celsius,field_1
2025-10-06T02:49:29.709195+05:30,moist_001,moisture_sensor,0.0,percent,field_1
2025-10-06T02:49:29.915445+05:30,ph_001,ph_sensor,6.43,pH,field_1
2025-10-06T02:49:30.114618+05:30,light_001,light_sensor,light,state,field_1
2025-10-06T02:49:30.333385+05:30,temp_002,air_temp_sensor,26.2,celsius,field_1
2025-10-06T02:49:30.546178+05:30,moist_002,air_hum_sensor,80.4,percent,field_1
2025-10-06T02:49:53.866686+05:30,gas_001,gas_sensor,normal_gas,state,field_1
2025-10-06T02:49:54.089364+05:30,temp_001,soil_temp_sensor,26.56,celsius,field_1
2025-10-06T02:49:54.295012+05:30,moist_001,moisture_sensor,0.0,percent,field_1
2025-10-06T02:49:54.499297+05:30,ph_001,ph_sensor,6.45,pH,field_1
2025-10-06T02:49:54.711168+05:30,light_001,light_sensor,light,state,field_1
2025-10-06T02:49:54.915031+05:30,temp_002,air_temp_sensor,26.2,celsius,field_1
2025-10-06T02:49:55.119785+05:30,moist_002,air_hum_sensor,80.4,percent,field_1
2025-10-06T02:50:43.034664+05:30,gas_001,gas_sensor,normal_gas,state,field_1
2025-10-06T02:50:43.246239+05:30,temp_001,soil_temp_sensor,28.69,celsius,field_1
2025-10-06T02:50:43.472455+05:30,moist_001,moisture_sensor,0.0,percent,field_1
2025-10-06T02:50:43.664378+05:30,ph_001,ph_sensor,6.43,pH,field_1
2025-10-06T02:50:43.874145+05:30,light_001,light_sensor,light,state,field_1
2025-10-06T02:50:44.080356+05:30,temp_002,air_temp_sensor,26.2,celsius,field_1
2025-10-06T02:50:44.291265+05:30,moist_002,air_hum_sensor,80.4,percent,field_1
2025-10-06T02:51:07.618590+05:30,gas_001,gas_sensor,normal_gas,state,field_1
2025-10-06T02:51:07.828591+05:30,temp_001,soil_temp_sensor,28.44,celsius,field_1
2025-10-06T02:51:08.041783+05:30,moist_001,moisture_sensor,0.0,percent,field_1
2025-10-06T02:51:09.158092+05:30,ph_001,ph_sensor,6.43,pH,field_1
2025-10-06T02:51:09.160313+05:30,light_001,light_sensor,light,state,field_1
2025-10-06T02:51:09.161591+05:30,temp_002,air_temp_sensor,26.2,celsius,field_1
2025-10-06T02:51:09.162607+05:30,moist_002,air_hum_sensor,80.4,percent,field_1
2025-10-06T02:51:56.790646+05:30,gas_001,gas_sensor,normal_gas,state,field_1
2025-10-06T02:51:57.000880+05:30,temp_001,soil_temp_sensor,27.87,celsius,field_1
2025-10-06T02:51:57.212713+05:30,moist_001,moisture_sensor,0.0,percent,field_1
2025-10-06T02:51:57.429995+05:30,ph_001,ph_sensor,6.43,pH,field_1
2025-10-06T02:51:57.636316+05:30,light_001,light_sensor,light,state,field_1
2025-10-06T02:51:57.839863+05:30,temp_002,air_temp_sensor,26.2,celsius,field_1
2025-10-06T02:51:58.045273+05:30,moist_002,air_hum_sensor,80.3,percent,field_1
2025-10-06T02:52:21.373995+05:30,gas_001,gas_sensor,normal_gas,state,field_1
2025-10-06T02:52:21.589012+05:30,temp_001,soil_temp_sensor,27.62,celsius,field_1
2025-10-06T02:52:21.821348+05:30,moist_001,moisture_sensor,0.0,percent,field_1
2025-10-06T02:52:22.004736+05:30,ph_001,ph_sensor,6.42,pH,field_1
2025-10-06T02:52:22.204368+05:30,light_001,light_sensor,light,state,field_1
2025-10-06T02:52:22.414886+05:30,temp_002,air_temp_sensor,26.2,celsius,field_1
2025-10-06T02:52:23.042213+05:30,moist_002,air_hum_sensor,80.4,percent,field_1
2025-10-06T02:53:10.555170+05:30,gas_001,gas_sensor,normal_gas,state,field_1
2025-10-06T02:53:10.769017+05:30,temp_001,soil_temp_sensor,27.31,celsius,field_1
2025-10-06T02:53:10.975409+05:30,moist_001,moisture_sensor,0.0,percent,field_1
2025-10-06T02:53:11.185944+05:30,ph_001,ph_sensor,6.43,pH,field_1
2025-10-06T02:53:11.388878+05:30,light_001,light_sensor,light,state,field_1
2025-10-06T02:53:11.593712+05:30,temp_002,air_temp_sensor,26.2,celsius,field_1
2025-10-06T02:53:11.806821+05:30,moist_002,air_hum_sensor,80.3,percent,field_1
2025-10-06T02:53:35.131044+05:30,gas_001,gas_sensor,normal_gas,state,field_1
2025-10-06T02:53:35.369417+05:30,temp_001,soil_temp_sensor,27.19,celsius,field_1
2025-10-06T02:53:35.556492+05:30,moist_001,moisture_sensor,0.0,percent,field_1
2025-10-06T02:53:35.767603+05:30,ph_001,ph_sensor,6.4,pH,field_1
2025-10-06T02:53:35.965561+05:30,light_001,light_sensor,light,state,field_1
2025-10-06T02:53:37.080492+05:30,temp_002,air_temp_sensor,26.2,celsius,field_1
2025-10-06T02:53:37.082712+05:30,moist_002,air_hum_sensor,80.3,percent,field_1
2025-10-06T02:54:24.315511+05:30,gas_001,gas_sensor,normal_gas,state,field_1
2025-10-06T02:54:24.600284+05:30,temp_001,soil_temp_sensor,27.0,celsius,field_1
2025-10-06T02:54:24.734156+05:30,moist_001,moisture_sensor,0.0,percent,field_1
2025-10-06T02:54:24.946665+05:30,ph_001,ph_sensor,6.44,pH,field_1
2025-10-06T02:54:25.145488+05:30,light_001,light_sensor,light,state,field_1
2025-10-06T02:54:25.366668+05:30,temp_002,air_temp_sensor,26.2,celsius,field_1
2025-10-06T02:54:25.587385+05:30,moist_002,air_hum_sensor,80.4,percent,field_1
2025-10-06T02:54:48.891840+05:30,gas_001,gas_sensor,normal_gas,state,field_1
2025-10-06T02:54:49.104668+05:30,temp_001,soil_temp_sensor,26.94,celsius,field_1
2025-10-06T02:54:49.320741+05:30,moist_001,moisture_sensor,0.0,percent,field_1
2025-10-06T02:54:49.528493+05:30,ph_001,ph_sensor,6.45,pH,field_1
2025-10-06T02:54:49.729427+05:30,light_001,light_sensor,light,state,field_1
2025-10-06T02:54:49.936584+05:30,temp_002,air_temp_sensor,26.2,celsius,field_1
2025-10-06T02:54:50.148349+05:30,moist_002,air_hum_sensor,80.4,percent,field_1
2025-10-06T02:55:38.098853+05:30,gas_001,gas_sensor,normal_gas,state,field_1
2025-10-06T02:55:38.281894+05:30,temp_001,soil_temp_sensor,26.81,celsius,field_1
2025-10-06T02:55:38.552794+05:30,moist_001,moisture_sensor,0.0,percent,field_1
2025-10-06T02:55:38.699988+05:30,ph_001,ph_sensor,6.42,pH,field_1
2025-10-06T02:55:38.905012+05:30,light_001,light_sensor,light,state,field_1
2025-10-06T02:55:39.115545+05:30,temp_002,air_temp_sensor,26.2,celsius,field_1
2025-10-06T02:55:39.346691+05:30,moist_002,air_hum_sensor,80.2,percent,field_1
2025-10-06T02:56:02.657051+05:30,gas_001,gas_sensor,normal_gas,state,field_1
2025-10-06T02:56:02.863314+05:30,temp_001,soil_temp_sensor,26.75,celsius,field_1
2025-10-06T02:56:03.080839+05:30,moist_001,moisture_sensor,0.0,percent,field_1
2025-10-06T02:56:03.312008+05:30,ph_001,ph_sensor,6.44,pH,field_1
2025-10-06T02:56:03.491575+05:30,light_001,light_sensor,light,state,field_1
2025-10-06T02:56:03.694598+05:30,temp_002,air_temp_sensor,26.2,celsius,field_1
2025-10-06T02:56:03.910808+05:30,moist_002,air_hum_sensor,80.3,percent,field_1
2025-10-06T02:56:51.829456+05:30,gas_001,gas_sensor,normal_gas,state,field_1
2025-10-06T02:56:52.046164+05:30,temp_001,soil_temp_sensor,26.62,celsius,field_1
2025-10-06T02:56:52.251732+05:30,moist_001,moisture_sensor,0.0,percent,field_1
2025-10-06T02:56:52.460727+05:30,ph_001,ph_sensor,6.46,pH,field_1
2025-10-06T02:56:52.708372+05:30,light_001,light_sensor,light,state,field_1
2025-10-06T02:56:52.970423+05:30,temp_002,air_temp_sensor,26.2,celsius,field_1
2025-10-06T02:56:53.124082+05:30,moist_002,air_hum_sensor,80.3,percent,field_1
2025-10-06T02:57:16.420475+05:30,gas_001,gas_sensor,normal_gas,state,field_1
2025-10-06T02:57:16.628753+05:30,temp_001,soil_temp_sensor,26.62,celsius,field_1
2025-10-06T02:57:16.837173+05:30,moist_001,moisture_sensor,0.0,percent,field_1
2025-10-06T02:57:17.057717+05:30,ph_001,ph_sensor,6.48,pH,field_1
2025-10-06T02:57:17.243947+05:30,light_001,light_sensor,light,state,field_1
2025-10-06T02:57:17.463949+05:30,temp_002,air_temp_sensor,26.2,celsius,field_1
2025-10-06T02:57:17.668688+05:30,moist_002,air_hum_sensor,80.3,percent,field_1
2025-10-06T02:58:05.590970+05:30,gas_001,gas_sensor,normal_gas,state,field_1
2025-10-06T02:58:05.800933+05:30,temp_001,soil_temp_sensor,26.69,celsius,field_1
2025-10-06T02:58:06.013624+05:30,moist_001,moisture_sensor,0.0,percent,field_1
2025-10-06T02:58:06.216406+05:30,ph_001,ph_sensor,6.38,pH,field_1
2025-10-06T02:58:06.419130+05:30,light_001,light_sensor,light,state,field_1
2025-10-06T02:58:06.626716+05:30,temp_002,air_temp_sensor,26.2,celsius,field_1
2025-10-06T02:58:06.842635+05:30,moist_002,air_hum_sensor,80.3,percent,field_1
2025-10-06T02:58:30.187462+05:30,gas_001,gas_sensor,normal_gas,state,field_1
2025-10-06T02:58:30.376586+05:30,temp_001,soil_temp_sensor,26.75,celsius,field_1
2025-10-06T02:58:30.585695+05:30,moist_001,moisture_sensor,0.0,percent,field_1
2025-10-06T02:58:30.801398+05:30,ph_001,ph_sensor,6.4,pH,field_1
2025-10-06T02:58:31.001494+05:30,light_001,light_sensor,light,state,field_1
2025-10-06T02:58:31.208943+05:30,temp_002,air_temp_sensor,26.2,celsius,field_1
2025-10-06T02:58:31.421802+05:30,moist_002,air_hum_sensor,80.2,percent,field_1
2025-10-06T02:59:19.336143+05:30,gas_001,gas_sensor,normal_gas,state,field_1
2025-10-06T02:59:19.551278+05:30,temp_001,soil_temp_sensor,26.69,celsius,field_1
2025-10-06T02:59:19.758432+05:30,moist_001,moisture_sensor,0.0,percent,field_1
2025-10-06T02:59:19.973029+05:30,ph_001,ph_sensor,6.39,pH,field_1
2025-10-06T02:59:20.172457+05:30,light_001,light_sensor,light,state,field_1
2025-10-06T02:59:20.383949+05:30,temp_002,air_temp_sensor,26.2,celsius,field_1
2025-10-06T02:59:20.594560+05:30,moist_002,air_hum_sensor,80.3,percent,field_1
2025-10-06T02:59:43.921463+05:30,gas_001,gas_sensor,normal_gas,state,field_1
2025-10-06T02:59:44.131804+05:30,temp_001,soil_temp_sensor,26.69,celsius,field_1
2025-10-06T02:59:44.409128+05:30,moist_001,moisture_sensor,0.0,percent,field_1
2025-10-06T02:59:44.558940+05:30,ph_001,ph_sensor,6.42,pH,field_1
2025-10-06T02:59:44.813594+05:30,light_001,light_sensor,light,state,field_1
2025-10-06T02:59:44.965682+05:30,temp_002,air_temp_sensor,26.2,celsius,field_1
2025-10-06T02:59:45.174351+05:30,moist_002,air_hum_sensor,80.3,percent,field_1
2025-10-06T03:00:33.107790+05:30,gas_001,gas_sensor,normal_gas,state,field_1
2025-10-06T03:00:33.323304+05:30,temp_001,soil_temp_sensor,26.69,celsius,field_1
2025-10-06T03:00:33.538296+05:30,moist_001,moisture_sensor,0.0,percent,field_1
2025-10-06T03:00:33.746478+05:30,ph_001,ph_sensor,6.42,pH,field_1
2025-10-06T03:00:35.220067+05:30,light_001,light_sensor,light,state,field_1
2025-10-06T03:00:35.222031+05:30,temp_002,air_temp_sensor,26.2,celsius,field_1
2025-10-06T03:00:35.229756+05:30,moist_002,air_hum_sensor,80.2,percent,field_1
2025-10-06T03:00:57.687408+05:30,gas_001,gas_sensor,normal_gas,state,field_1
2025-10-06T03:00:57.900854+05:30,temp_001,soil_temp_sensor,26.75,celsius,field_1
2025-10-06T03:00:58.109403+05:30,moist_001,moisture_sensor,0.0,percent,field_1
2025-10-06T03:00:58.318642+05:30,ph_001,ph_sensor,6.41,pH,field_1
2025-10-06T03:00:58.528664+05:30,light_001,light_sensor,light,state,field_1
2025-10-06T03:00:58.738887+05:30,temp_002,air_temp_sensor,26.2,celsius,field_1
2025-10-06T03:00:58.943688+05:30,moist_002,air_hum_sensor,80.2,percent,field_1
2025-10-06T03:01:46.898547+05:30,gas_001,gas_sensor,normal_gas,state,field_1
2025-10-06T03:01:47.084683+05:30,temp_001,soil_temp_sensor,26.75,celsius,field_1
2025-10-06T03:01:47.296227+05:30,moist_001,moisture_sensor,0.0,percent,field_1
2025-10-06T03:01:48.738465+05:30,ph_001,ph_sensor,6.44,pH,field_1
2025-10-06T03:01:48.740988+05:30,light_001,light_sensor,light,state,field_1
2025-10-06T03:01:48.742807+05:30,temp_002,air_temp_sensor,26.2,celsius,field_1
2025-10-06T03:01:48.744326+05:30,moist_002,air_hum_sensor,80.3,percent,field_1
2025-10-06T03:02:11.463898+05:30,gas_001,gas_sensor,normal_gas,state,field_1
2025-10-06T03:02:11.674315+05:30,temp_001,soil_temp_sensor,26.75,celsius,field_1
2025-10-06T03:02:11.885548+05:30,moist_001,moisture_sensor,0.0,percent,field_1
2025-10-06T03:02:12.089667+05:30,ph_001,ph_sensor,6.43,pH,field_1
2025-10-06T03:02:12.289623+05:30,light_001,light_sensor,light,state,field_1
2025-10-06T03:02:12.499940+05:30,temp_002,air_temp_sensor,26.2,celsius,field_1
2025-10-06T03:02:12.715388+05:30,moist_002,air_hum_sensor,80.3,percent,field_1
2025-10-06T03:03:00.660379+05:30,gas_001,gas_sensor,normal_gas,state,field_1
2025-10-06T03:03:00.908795+05:30,temp_001,soil_temp_sensor,26.69,celsius,field_1
2025-10-06T03:03:01.079081+05:30,moist_001,moisture_sensor,0.0,percent,field_1
2025-10-06T03:03:01.293683+05:30,ph_001,ph_sensor,6.43,pH,field_1
2025-10-06T03:03:01.490993+05:30,light_001,light_sensor,light,state,field_1
2025-10-06T03:03:01.704279+05:30,temp_002,air_temp_sensor,26.2,celsius,field_1
2025-10-06T03:03:01.915836+05:30,moist_002,air_hum_sensor,80.2,percent,field_1
2025-10-06T03:03:25.238894+05:30,gas_001,gas_sensor,normal_gas,state,field_1
2025-10-06T03:03:25.473674+05:30,temp_001,soil_temp_sensor,26.75,celsius,field_1
2025-10-06T03:03:25.661368+05:30,moist_001,moisture_sensor,0.0,percent,field_1
2025-10-06T03:03:25.888233+05:30,ph_001,ph_sensor,6.43,pH,field_1
2025-10-06T03:03:26.072069+05:30,light_001,light_sensor,light,state,field_1
2025-10-06T03:03:26.289688+05:30,temp_002,air_temp_sensor,26.2,celsius,field_1
2025-10-06T03:03:26.495363+05:30,moist_002,air_hum_sensor,80.3,percent,field_1
2025-10-06T03:04:14.440009+05:30,gas_001,gas_sensor,normal_gas,state,field_1
2025-10-06T03:04:14.660249+05:30,temp_001,soil_temp_sensor,27.37,celsius,field_1
2025-10-06T03:04:14.857117+05:30,moist_001,moisture_sensor,0.0,percent,field_1
2025-10-06T03:04:15.063699+05:30,ph_001,ph_sensor,6.42,pH,field_1
2025-10-06T03:04:15.266778+05:30,light_001,light_sensor,light,state,field_1
2025-10-06T03:04:15.477842+05:30,temp_002,air_temp_sensor,26.2,celsius,field_1
2025-10-06T03:04:15.691002+05:30,moist_002,air_hum_sensor,80.2,percent,field_1
2025-10-06T03:04:39.020845+05:30,gas_001,gas_sensor,normal_gas,state,field_1
2025-10-06T03:04:39.230416+05:30,temp_001,soil_temp_sensor,27.31,celsius,field_1
2025-10-06T03:04:39.435044+05:30,moist_001,moisture_sensor,0.0,percent,field_1
2025-10-06T03:04:39.643924+05:30,ph_001,ph_sensor,6.42,pH,field_1
2025-10-06T03:04:39.850240+05:30,light_001,light_sensor,light,state,field_1
2025-10-06T03:04:40.059374+05:30,temp_002,air_temp_sensor,26.2,celsius,field_1
2025-10-06T03:04:40.272440+05:30,moist_002,air_hum_sensor,80.2,percent,field_1
2025-10-06T03:05:28.187616+05:30,gas_001,gas_sensor,normal_gas,state,field_1
2025-10-06T03:05:28.417107+05:30,temp_001,soil_temp_sensor,30.75,celsius,field_1
2025-10-06T03:05:28.607730+05:30,moist_001,moisture_sensor,0.0,percent,field_1
2025-10-06T03:05:28.841086+05:30,ph_001,ph_sensor,6.43,pH,field_1
2025-10-06T03:05:29.018338+05:30,light_001,light_sensor,light,state,field_1
2025-10-06T03:05:29.236320+05:30,temp_002,air_temp_sensor,26.2,celsius,field_1
2025-10-06T03:05:29.441287+05:30,moist_002,air_hum_sensor,80.2,percent,field_1
2025-10-06T03:05:52.770887+05:30,gas_001,gas_sensor,normal_gas,state,field_1
2025-10-06T03:05:52.984364+05:30,temp_001,soil_temp_sensor,30.19,celsius,field_1
2025-10-06T03:05:53.192002+05:30,moist_001,moisture_sensor,0.0,percent,field_1
2025-10-06T03:05:53.449239+05:30,ph_001,ph_sensor,6.44,pH,field_1
2025-10-06T03:05:53.603288+05:30,light_001,light_sensor,light,state,field_1
2025-10-06T03:05:53.814931+05:30,temp_002,air_temp_sensor,26.2,celsius,field_1
2025-10-06T03:05:54.027133+05:30,moist_002,air_hum_sensor,80.1,percent,field_1
